,8A718,AXG01,AXG02,AXG03,E87700,ENG,NAX,NAX03,NDA,NDAJ0,NDAJ1,NEM,NMM,NMM01,NN1,NN101,NNF94,NQ1,NQ106,NQ108,NQA,NQA20,NQA31,NQA34,NQT5H,NQT5K,NR527,NT2,NT241,NT4,NT455,NT457,NTV0O,NVC40,NW6,NW601,NW602,NW603,NW605,R0A,R0A90,R0B,R1A,R1C,R1D,R1F,R1H,R1H0A,R1K,R1L,RA2,RA3,RA4,RA7,RA9,RAE,RAJ,RAL,RAN,RAP,RAS,RAT,RAX,RBA,RBB,RBD,RBK,RBL,RBN,RBQ,RBS,RBT,RBV,RBZ,RC1,RC9,RCB,RCD,RCF,RCX,RD1,RD3,RD8,RDD,RDE,RDR,RDU,RDY,RDZ,REF,REM,RET,RF4,RFF,RFR,RFS,RGD,RGM,RGN,RGP,RGR,RGT,RH5,RH8,RHA,RHM,RHQ,RHU,RHW,RJ1,RJ2,RJ6,RJ7,RJ8,RJC,RJE,RJL,RJN,RJR,RJZ,RK5,RK9,RKB,RKE,RKL,RL1,RL4,RLQ,RLT,RLY,RM1,RM3,RMC,RMP,RMY,RN3,RN5,RN7,RNA,RNN,RNQ,RNS,RNU,RNZ,RP1,RP5,RP7,RPA,RPG,RPY,RQ8,RQM,RQW,RQX,RQY,RR7,RR8,RRE,RRF,RRJ,RRK,RRV,RT1,RT2,RT3,RT5,RTD,RTE,RTF,RTG,RTH,RTK,RTP,RTQ,RTR,RTV,RTX,RV3,RV5,RV9,RVJ,RVQ,RVR,RVV,RVW,RVY,RW1,RW4,RW6,RWA,RWD,RWE,RWF,RWG,RWH,RWJ,RWK,RWP,RWR,RWW,RWX,RWY,RX1,RX2,RX3,RX4,RXA,RXC,RXE,RXF,RXH,RXK,RXL,RXM,RXN,RXP,RXQ,RXR,RXV,RXW,RXY,RY3,RY4,RY5,RY8,RYJ,RYR,RYW,RYX,RYY,TAD,TAH
2020-03-03,0.0,0.0,0.0,0.0,0.0,1.0,0.0,0.0,0.0,0.0,0.0,0.0,0.0,0.0,0.0,0.0,0.0,0.0,0.0,0.0,0.0,0.0,0.0,0.0,0.0,0.0,0.0,0.0,0.0,0.0,0.0,0.0,0.0,0.0,0.0,0.0,0.0,0.0,0.0,0.0,0.0,0.0,0.0,0.0,0.0,0.0,0.0,0.0,0.0,0.0,0.0,0.0,0.0,0.0,0.0,0.0,0.0,0.0,0.0,0.0,0.0,0.0,0.0,0.0,0.0,0.0,0.0,0.0,0.0,0.0,0.0,0.0,0.0,0.0,0.0,0.0,0.0,0.0,0.0,0.0,0.0,0.0,0.0,0.0,0.0,0.0,0.0,0.0,0.0,0.0,0.0,0.0,0.0,0.0,0.0,0.0,0.0,0.0,0.0,0.0,0.0,0.0,0.0,0.0,0.0,0.0,0.0,0.0,0.0,0.0,0.0,0.0,0.0,0.0,0.0,0.0,0.0,0.0,0.0,0.0,0.0,0.0,0.0,0.0,0.0,0.0,0.0,0.0,0.0,0.0,0.0,0.0,0.0,0.0,0.0,0.0,0.0,0.0,0.0,0.0,0.0,0.0,0.0,0.0,0.0,0.0,0.0,0.0,0.0,0.0,1.0,0.0,0.0,0.0,0.0,0.0,0.0,0.0,0.0,0.0,0.0,0.0,0.0,0.0,0.0,0.0,0.0,0.0,0.0,0.0,0.0,0.0,0.0,0.0,0.0,0.0,0.0,0.0,0.0,0.0,0.0,0.0,0.0,0.0,0.0,0.0,0.0,0.0,0.0,0.0,0.0,0.0,0.0,0.0,0.0,0.0,0.0,0.0,0.0,0.0,0.0,0.0,0.0,0.0,0.0,0.0,0.0,0.0,0.0,0.0,0.0,0.0,0.0,0.0,0.0,0.0,0.0,0.0,0.0,0.0,0.0,0.0,0.0,0.0,0.0,0.0,0.0,0.0,0.0,0.0,0.0,0.0
2020-03-04,0.0,0.0,0.0,0.0,0.0,2.0,0.0,0.0,0.0,0.0,0.0,0.0,0.0,0.0,0.0,0.0,0.0,0.0,0.0,0.0,0.0,0.0,0.0,0.0,0.0,0.0,0.0,0.0,0.0,0.0,0.0,0.0,0.0,0.0,0.0,0.0,0.0,0.0,0.0,0.0,0.0,0.0,0.0,0.0,0.0,0.0,0.0,0.0,0.0,0.0,0.0,0.0,0.0,0.0,0.0,0.0,1.0,0.0,0.0,0.0,0.0,0.0,0.0,0.0,0.0,0.0,0.0,0.0,0.0,0.0,0.0,0.0,0.0,0.0,0.0,0.0,0.0,0.0,0.0,0.0,0.0,0.0,0.0,0.0,0.0,0.0,0.0,0.0,0.0,0.0,0.0,0.0,0.0,0.0,0.0,0.0,0.0,0.0,0.0,0.0,0.0,0.0,0.0,0.0,0.0,0.0,0.0,0.0,0.0,0.0,0.0,0.0,0.0,0.0,0.0,0.0,0.0,0.0,0.0,0.0,0.0,0.0,0.0,0.0,0.0,0.0,0.0,0.0,0.0,0.0,0.0,0.0,0.0,0.0,0.0,0.0,0.0,0.0,0.0,0.0,0.0,0.0,0.0,0.0,0.0,0.0,0.0,0.0,0.0,0.0,1.0,0.0,0.0,0.0,0.0,0.0,0.0,0.0,0.0,0.0,0.0,0.0,0.0,0.0,0.0,0.0,0.0,0.0,0.0,0.0,0.0,0.0,0.0,0.0,0.0,0.0,0.0,0.0,0.0,0.0,0.0,0.0,0.0,0.0,0.0,0.0,0.0,0.0,0.0,0.0,0.0,0.0,0.0,0.0,0.0,0.0,0.0,0.0,0.0,0.0,0.0,0.0,0.0,0.0,0.0,0.0,0.0,0.0,0.0,0.0,0.0,0.0,0.0,0.0,0.0,0.0,0.0,0.0,0.0,0.0,0.0,0.0,0.0,0.0,0.0,0.0,0.0,0.0,0.0,0.0,0.0,0.0
2020-03-05,0.0,0.0,0.0,0.0,0.0,5.0,0.0,0.0,0.0,0.0,0.0,0.0,0.0,0.0,0.0,0.0,0.0,0.0,0.0,0.0,0.0,0.0,0.0,0.0,0.0,0.0,0.0,0.0,0.0,0.0,0.0,0.0,0.0,0.0,0.0,0.0,0.0,0.0,0.0,0.0,0.0,0.0,0.0,0.0,0.0,0.0,0.0,0.0,0.0,0.0,0.0,0.0,0.0,0.0,0.0,0.0,1.0,0.0,0.0,0.0,0.0,0.0,0.0,0.0,0.0,0.0,0.0,0.0,0.0,0.0,0.0,0.0,0.0,0.0,0.0,0.0,0.0,0.0,0.0,0.0,0.0,0.0,0.0,0.0,0.0,0.0,1.0,0.0,0.0,0.0,0.0,0.0,1.0,0.0,0.0,0.0,0.0,0.0,0.0,0.0,0.0,0.0,0.0,0.0,0.0,0.0,0.0,0.0,0.0,0.0,0.0,0.0,0.0,0.0,0.0,0.0,0.0,0.0,0.0,0.0,0.0,0.0,0.0,0.0,0.0,0.0,0.0,0.0,0.0,0.0,0.0,0.0,0.0,0.0,0.0,0.0,0.0,0.0,0.0,0.0,0.0,0.0,0.0,0.0,0.0,0.0,0.0,0.0,0.0,0.0,1.0,0.0,0.0,0.0,0.0,0.0,0.0,0.0,0.0,0.0,0.0,0.0,0.0,0.0,0.0,0.0,0.0,0.0,0.0,0.0,0.0,0.0,0.0,0.0,0.0,0.0,0.0,0.0,0.0,0.0,0.0,0.0,0.0,0.0,0.0,0.0,0.0,0.0,1.0,0.0,0.0,0.0,0.0,0.0,0.0,0.0,0.0,0.0,0.0,0.0,0.0,0.0,0.0,0.0,0.0,0.0,0.0,0.0,0.0,0.0,0.0,0.0,0.0,0.0,0.0,0.0,0.0,0.0,0.0,0.0,0.0,0.0,0.0,0.0,0.0,0.0,0.0,0.0,0.0,0.0,0.0,0.0
2020-03-06,0.0,0.0,0.0,0.0,0.0,6.0,0.0,0.0,0.0,0.0,0.0,0.0,0.0,0.0,0.0,0.0,0.0,0.0,0.0,0.0,0.0,0.0,0.0,0.0,0.0,0.0,0.0,0.0,0.0,0.0,0.0,0.0,0.0,0.0,0.0,0.0,0.0,0.0,0.0,0.0,0.0,0.0,0.0,0.0,0.0,0.0,0.0,0.0,0.0,0.0,0.0,0.0,0.0,0.0,0.0,0.0,1.0,0.0,0.0,0.0,0.0,0.0,0.0,0.0,0.0,0.0,0.0,0.0,0.0,0.0,0.0,0.0,0.0,0.0,0.0,0.0,0.0,0.0,0.0,0.0,0.0,0.0,0.0,0.0,0.0,0.0,1.0,0.0,0.0,0.0,0.0,0.0,1.0,0.0,0.0,0.0,0.0,0.0,0.0,0.0,0.0,0.0,0.0,0.0,0.0,1.0,0.0,0.0,0.0,0.0,0.0,0.0,0.0,0.0,0.0,0.0,0.0,0.0,0.0,0.0,0.0,0.0,0.0,0.0,0.0,0.0,0.0,0.0,0.0,0.0,0.0,0.0,0.0,0.0,0.0,0.0,0.0,0.0,0.0,0.0,0.0,0.0,0.0,0.0,0.0,0.0,0.0,0.0,0.0,0.0,1.0,0.0,0.0,0.0,0.0,0.0,0.0,0.0,0.0,0.0,0.0,0.0,0.0,0.0,0.0,0.0,0.0,0.0,0.0,0.0,0.0,0.0,0.0,0.0,0.0,0.0,0.0,0.0,0.0,0.0,0.0,0.0,0.0,0.0,0.0,0.0,0.0,0.0,1.0,0.0,0.0,0.0,0.0,0.0,0.0,0.0,0.0,0.0,0.0,0.0,0.0,0.0,0.0,0.0,0.0,0.0,0.0,0.0,0.0,0.0,0.0,0.0,0.0,0.0,0.0,0.0,0.0,0.0,0.0,0.0,0.0,0.0,0.0,0.0,0.0,0.0,0.0,0.0,0.0,0.0,0.0,0.0
2020-03-09,0.0,0.0,0.0,0.0,0.0,8.0,0.0,0.0,0.0,0.0,0.0,0.0,0.0,0.0,0.0,0.0,0.0,0.0,0.0,0.0,0.0,0.0,0.0,0.0,0.0,0.0,0.0,0.0,0.0,0.0,0.0,0.0,0.0,0.0,0.0,0.0,0.0,0.0,0.0,0.0,0.0,0.0,0.0,0.0,0.0,0.0,0.0,0.0,0.0,0.0,0.0,0.0,0.0,0.0,0.0,0.0,1.0,0.0,0.0,0.0,0.0,0.0,0.0,0.0,0.0,0.0,0.0,0.0,0.0,0.0,0.0,0.0,0.0,0.0,0.0,0.0,0.0,0.0,0.0,0.0,0.0,0.0,0.0,0.0,0.0,0.0,1.0,0.0,0.0,0.0,0.0,0.0,1.0,0.0,0.0,0.0,0.0,0.0,0.0,0.0,0.0,0.0,0.0,0.0,0.0,1.0,0.0,0.0,0.0,0.0,0.0,0.0,0.0,0.0,0.0,0.0,0.0,0.0,0.0,0.0,0.0,0.0,0.0,0.0,0.0,0.0,0.0,0.0,1.0,0.0,0.0,0.0,0.0,0.0,0.0,0.0,0.0,0.0,0.0,0.0,0.0,0.0,0.0,0.0,0.0,0.0,0.0,0.0,0.0,0.0,1.0,0.0,0.0,0.0,0.0,0.0,0.0,0.0,0.0,0.0,0.0,0.0,0.0,0.0,0.0,0.0,0.0,0.0,0.0,0.0,0.0,0.0,0.0,0.0,0.0,0.0,0.0,0.0,0.0,0.0,0.0,0.0,0.0,0.0,0.0,0.0,0.0,0.0,1.0,0.0,0.0,0.0,0.0,0.0,0.0,0.0,0.0,0.0,0.0,0.0,0.0,0.0,0.0,0.0,0.0,0.0,0.0,0.0,0.0,0.0,0.0,0.0,0.0,0.0,0.0,0.0,1.0,0.0,0.0,0.0,0.0,0.0,0.0,0.0,0.0,0.0,0.0,0.0,0.0,0.0,0.0,0.0
2020-03-11,0.0,0.0,0.0,0.0,0.0,13.0,0.0,0.0,0.0,0.0,0.0,0.0,0.0,0.0,0.0,0.0,0.0,0.0,0.0,0.0,0.0,0.0,0.0,0.0,0.0,0.0,0.0,0.0,0.0,0.0,0.0,0.0,0.0,0.0,0.0,0.0,0.0,0.0,0.0,0.0,0.0,0.0,0.0,0.0,0.0,0.0,0.0,0.0,0.0,0.0,0.0,0.0,0.0,0.0,0.0,0.0,1.0,1.0,0.0,0.0,0.0,0.0,0.0,0.0,0.0,0.0,0.0,0.0,0.0,0.0,0.0,0.0,0.0,0.0,0.0,0.0,0.0,0.0,0.0,0.0,0.0,0.0,0.0,0.0,0.0,0.0,1.0,0.0,0.0,0.0,0.0,0.0,2.0,0.0,0.0,0.0,0.0,0.0,0.0,0.0,0.0,0.0,0.0,0.0,0.0,1.0,0.0,0.0,0.0,0.0,0.0,0.0,0.0,0.0,0.0,0.0,0.0,0.0,0.0,1.0,0.0,0.0,0.0,0.0,0.0,0.0,0.0,0.0,2.0,0.0,0.0,0.0,0.0,0.0,0.0,0.0,0.0,0.0,0.0,0.0,0.0,0.0,0.0,0.0,0.0,0.0,0.0,0.0,0.0,0.0,1.0,0.0,0.0,0.0,0.0,0.0,0.0,0.0,0.0,0.0,0.0,0.0,0.0,0.0,0.0,0.0,0.0,0.0,0.0,0.0,0.0,0.0,0.0,0.0,0.0,0.0,0.0,0.0,0.0,0.0,0.0,0.0,0.0,0.0,0.0,0.0,0.0,0.0,1.0,0.0,0.0,0.0,0.0,0.0,0.0,0.0,0.0,0.0,0.0,0.0,0.0,0.0,0.0,0.0,0.0,0.0,0.0,0.0,0.0,0.0,0.0,0.0,0.0,0.0,0.0,0.0,1.0,0.0,0.0,0.0,0.0,0.0,0.0,0.0,0.0,1.0,0.0,0.0,0.0,0.0,0.0,0.0
2020-03-12,0.0,0.0,0.0,0.0,0.0,18.0,0.0,0.0,0.0,0.0,0.0,0.0,0.0,0.0,0.0,0.0,0.0,0.0,0.0,0.0,0.0,0.0,0.0,0.0,0.0,0.0,0.0,0.0,0.0,0.0,0.0,0.0,0.0,0.0,0.0,0.0,0.0,0.0,0.0,0.0,0.0,0.0,0.0,0.0,0.0,0.0,1.0,0.0,1.0,0.0,0.0,0.0,0.0,0.0,0.0,0.0,1.0,1.0,0.0,0.0,0.0,0.0,0.0,0.0,0.0,0.0,0.0,0.0,0.0,0.0,0.0,0.0,0.0,0.0,0.0,0.0,0.0,0.0,0.0,0.0,0.0,0.0,0.0,0.0,0.0,0.0,1.0,0.0,0.0,0.0,0.0,0.0,2.0,0.0,0.0,0.0,0.0,0.0,0.0,0.0,0.0,0.0,0.0,0.0,0.0,1.0,0.0,0.0,0.0,1.0,0.0,0.0,1.0,0.0,0.0,0.0,0.0,0.0,0.0,1.0,0.0,0.0,0.0,0.0,0.0,0.0,0.0,0.0,2.0,0.0,0.0,0.0,0.0,0.0,0.0,0.0,0.0,0.0,0.0,0.0,0.0,0.0,0.0,0.0,0.0,0.0,0.0,0.0,0.0,0.0,1.0,0.0,0.0,0.0,0.0,0.0,0.0,0.0,0.0,0.0,0.0,0.0,0.0,0.0,0.0,0.0,0.0,0.0,0.0,0.0,0.0,0.0,0.0,0.0,0.0,0.0,0.0,0.0,0.0,0.0,0.0,0.0,0.0,0.0,0.0,0.0,0.0,0.0,1.0,0.0,0.0,1.0,0.0,0.0,0.0,0.0,0.0,0.0,0.0,0.0,0.0,0.0,0.0,0.0,0.0,0.0,0.0,0.0,0.0,0.0,0.0,0.0,0.0,0.0,0.0,0.0,1.0,0.0,0.0,0.0,0.0,0.0,0.0,0.0,0.0,1.0,0.0,0.0,0.0,0.0,0.0,0.0
2020-03-13,0.0,0.0,0.0,0.0,0.0,23.0,0.0,0.0,0.0,0.0,0.0,0.0,0.0,0.0,0.0,0.0,0.0,0.0,0.0,0.0,0.0,0.0,0.0,0.0,0.0,0.0,0.0,0.0,0.0,0.0,0.0,0.0,0.0,0.0,0.0,0.0,0.0,0.0,0.0,0.0,0.0,0.0,0.0,0.0,0.0,0.0,2.0,0.0,2.0,0.0,0.0,0.0,0.0,0.0,0.0,0.0,1.0,1.0,0.0,1.0,0.0,0.0,0.0,0.0,0.0,0.0,0.0,0.0,0.0,0.0,0.0,0.0,0.0,0.0,0.0,0.0,0.0,0.0,0.0,0.0,0.0,0.0,0.0,0.0,0.0,0.0,1.0,0.0,0.0,0.0,0.0,0.0,2.0,0.0,0.0,0.0,0.0,0.0,0.0,0.0,0.0,0.0,0.0,0.0,0.0,1.0,0.0,0.0,0.0,1.0,0.0,0.0,1.0,0.0,0.0,0.0,0.0,0.0,1.0,2.0,0.0,0.0,0.0,0.0,0.0,0.0,0.0,0.0,2.0,0.0,0.0,0.0,0.0,0.0,0.0,0.0,0.0,0.0,0.0,0.0,0.0,0.0,0.0,0.0,0.0,0.0,0.0,0.0,0.0,0.0,1.0,0.0,0.0,0.0,0.0,0.0,0.0,0.0,0.0,0.0,0.0,0.0,0.0,0.0,0.0,0.0,0.0,0.0,0.0,0.0,0.0,0.0,0.0,0.0,0.0,0.0,0.0,0.0,0.0,0.0,0.0,0.0,0.0,0.0,0.0,0.0,0.0,0.0,1.0,0.0,0.0,1.0,0.0,0.0,0.0,0.0,0.0,0.0,0.0,0.0,0.0,0.0,0.0,0.0,0.0,0.0,0.0,0.0,0.0,0.0,0.0,0.0,0.0,0.0,0.0,0.0,1.0,0.0,0.0,0.0,0.0,0.0,0.0,0.0,0.0,1.0,0.0,0.0,0.0,0.0,0.0,0.0
2020-03-14,0.0,0.0,0.0,0.0,0.0,25.0,0.0,0.0,0.0,0.0,0.0,0.0,0.0,0.0,0.0,0.0,0.0,0.0,0.0,0.0,0.0,0.0,0.0,0.0,0.0,0.0,0.0,0.0,0.0,0.0,0.0,0.0,0.0,0.0,0.0,0.0,0.0,0.0,0.0,0.0,0.0,0.0,0.0,0.0,0.0,0.0,2.0,0.0,2.0,0.0,0.0,0.0,0.0,0.0,0.0,0.0,1.0,1.0,0.0,1.0,0.0,0.0,0.0,0.0,0.0,0.0,0.0,0.0,0.0,0.0,0.0,0.0,0.0,0.0,0.0,0.0,0.0,0.0,0.0,0.0,0.0,0.0,0.0,0.0,0.0,0.0,1.0,0.0,0.0,0.0,0.0,0.0,3.0,0.0,0.0,0.0,0.0,0.0,0.0,0.0,0.0,0.0,0.0,0.0,0.0,1.0,0.0,0.0,0.0,1.0,1.0,0.0,1.0,0.0,0.0,0.0,0.0,0.0,1.0,2.0,0.0,0.0,0.0,0.0,0.0,0.0,0.0,0.0,2.0,0.0,0.0,0.0,0.0,0.0,0.0,0.0,0.0,0.0,0.0,0.0,0.0,0.0,0.0,0.0,0.0,0.0,0.0,0.0,0.0,0.0,1.0,0.0,0.0,0.0,0.0,0.0,0.0,0.0,0.0,0.0,0.0,0.0,0.0,0.0,0.0,0.0,0.0,0.0,0.0,0.0,0.0,0.0,0.0,0.0,0.0,0.0,0.0,0.0,0.0,0.0,0.0,0.0,0.0,0.0,0.0,0.0,0.0,0.0,1.0,0.0,0.0,1.0,0.0,0.0,0.0,0.0,0.0,0.0,0.0,0.0,0.0,0.0,0.0,0.0,0.0,0.0,0.0,0.0,0.0,0.0,0.0,0.0,0.0,0.0,0.0,0.0,1.0,0.0,0.0,0.0,0.0,0.0,0.0,0.0,0.0,1.0,0.0,0.0,0.0,0.0,0.0,0.0
2020-03-15,0.0,0.0,0.0,0.0,0.0,28.0,0.0,0.0,0.0,0.0,0.0,0.0,0.0,0.0,0.0,0.0,0.0,0.0,0.0,0.0,0.0,0.0,0.0,0.0,0.0,0.0,0.0,0.0,0.0,0.0,0.0,0.0,0.0,0.0,0.0,0.0,0.0,0.0,0.0,0.0,0.0,0.0,0.0,0.0,0.0,0.0,2.0,0.0,2.0,0.0,0.0,0.0,0.0,0.0,0.0,0.0,1.0,1.0,0.0,1.0,0.0,0.0,0.0,0.0,0.0,0.0,0.0,0.0,0.0,0.0,0.0,0.0,0.0,0.0,0.0,1.0,0.0,0.0,0.0,0.0,0.0,0.0,0.0,0.0,0.0,0.0,1.0,0.0,0.0,0.0,0.0,0.0,3.0,0.0,0.0,0.0,0.0,0.0,0.0,0.0,0.0,0.0,0.0,0.0,0.0,1.0,0.0,0.0,0.0,1.0,1.0,0.0,1.0,0.0,0.0,0.0,0.0,0.0,1.0,4.0,0.0,0.0,0.0,0.0,0.0,0.0,0.0,0.0,2.0,0.0,0.0,0.0,0.0,0.0,0.0,0.0,0.0,0.0,0.0,0.0,0.0,0.0,0.0,0.0,0.0,0.0,0.0,0.0,0.0,0.0,1.0,0.0,0.0,0.0,0.0,0.0,0.0,0.0,0.0,0.0,0.0,0.0,0.0,0.0,0.0,0.0,0.0,0.0,0.0,0.0,0.0,0.0,0.0,0.0,0.0,0.0,0.0,0.0,0.0,0.0,0.0,0.0,0.0,0.0,0.0,0.0,0.0,0.0,1.0,0.0,0.0,1.0,0.0,0.0,0.0,0.0,0.0,0.0,0.0,0.0,0.0,0.0,0.0,0.0,0.0,0.0,0.0,0.0,0.0,0.0,0.0,0.0,0.0,0.0,0.0,0.0,1.0,0.0,0.0,0.0,0.0,0.0,0.0,0.0,0.0,1.0,0.0,0.0,0.0,0.0,0.0,0.0
2020-03-16,0.0,0.0,0.0,0.0,0.0,32.0,0.0,0.0,0.0,0.0,0.0,0.0,0.0,0.0,0.0,0.0,0.0,0.0,0.0,0.0,0.0,0.0,0.0,0.0,0.0,0.0,0.0,0.0,0.0,0.0,0.0,0.0,0.0,0.0,0.0,0.0,0.0,0.0,0.0,0.0,0.0,0.0,0.0,0.0,0.0,0.0,3.0,0.0,3.0,0.0,0.0,0.0,0.0,0.0,0.0,0.0,1.0,1.0,0.0,2.0,0.0,0.0,0.0,0.0,0.0,0.0,0.0,0.0,0.0,0.0,0.0,0.0,0.0,0.0,0.0,1.0,0.0,0.0,0.0,0.0,0.0,0.0,0.0,0.0,0.0,0.0,1.0,0.0,0.0,0.0,0.0,0.0,3.0,0.0,0.0,0.0,0.0,0.0,0.0,0.0,0.0,0.0,0.0,0.0,0.0,1.0,0.0,0.0,0.0,1.0,1.0,0.0,1.0,0.0,0.0,0.0,0.0,0.0,1.0,4.0,0.0,0.0,0.0,0.0,0.0,0.0,0.0,0.0,2.0,0.0,0.0,0.0,0.0,0.0,0.0,0.0,0.0,0.0,0.0,0.0,0.0,0.0,0.0,0.0,0.0,0.0,0.0,0.0,0.0,0.0,1.0,0.0,0.0,0.0,0.0,0.0,0.0,0.0,0.0,0.0,0.0,0.0,0.0,0.0,0.0,0.0,0.0,0.0,0.0,0.0,0.0,0.0,0.0,0.0,0.0,0.0,0.0,0.0,0.0,0.0,0.0,0.0,1.0,0.0,0.0,0.0,0.0,0.0,1.0,0.0,0.0,1.0,0.0,0.0,0.0,0.0,0.0,0.0,0.0,0.0,0.0,0.0,0.0,0.0,0.0,0.0,0.0,0.0,0.0,0.0,0.0,0.0,0.0,0.0,0.0,0.0,1.0,0.0,0.0,0.0,0.0,0.0,0.0,0.0,0.0,1.0,0.0,0.0,0.0,0.0,0.0,0.0
2020-03-17,0.0,0.0,0.0,0.0,0.0,42.0,0.0,0.0,0.0,0.0,0.0,0.0,0.0,0.0,0.0,0.0,0.0,0.0,0.0,0.0,0.0,0.0,0.0,0.0,0.0,0.0,0.0,0.0,0.0,0.0,0.0,0.0,0.0,0.0,0.0,0.0,0.0,0.0,0.0,0.0,0.0,0.0,0.0,0.0,0.0,0.0,3.0,0.0,3.0,0.0,0.0,0.0,0.0,0.0,0.0,0.0,1.0,1.0,0.0,3.0,0.0,0.0,0.0,0.0,0.0,0.0,0.0,0.0,0.0,0.0,0.0,0.0,0.0,0.0,0.0,1.0,0.0,0.0,0.0,0.0,0.0,0.0,0.0,0.0,0.0,0.0,1.0,0.0,0.0,0.0,0.0,0.0,4.0,0.0,0.0,0.0,0.0,0.0,0.0,0.0,0.0,0.0,0.0,0.0,0.0,1.0,0.0,0.0,0.0,2.0,1.0,1.0,1.0,0.0,0.0,0.0,0.0,0.0,1.0,6.0,0.0,0.0,0.0,0.0,0.0,0.0,1.0,0.0,2.0,0.0,0.0,0.0,0.0,0.0,0.0,0.0,0.0,0.0,0.0,0.0,0.0,0.0,0.0,0.0,0.0,0.0,0.0,0.0,0.0,0.0,1.0,1.0,0.0,0.0,0.0,0.0,0.0,0.0,0.0,0.0,0.0,0.0,0.0,0.0,0.0,0.0,0.0,0.0,0.0,0.0,0.0,0.0,0.0,0.0,0.0,0.0,0.0,0.0,0.0,0.0,0.0,0.0,1.0,0.0,0.0,0.0,0.0,0.0,2.0,0.0,0.0,1.0,0.0,0.0,0.0,0.0,0.0,0.0,0.0,0.0,0.0,0.0,0.0,0.0,0.0,0.0,0.0,0.0,0.0,0.0,0.0,0.0,0.0,0.0,0.0,0.0,1.0,0.0,0.0,0.0,0.0,0.0,0.0,0.0,0.0,2.0,0.0,0.0,0.0,0.0,0.0,0.0
2020-03-18,0.0,0.0,0.0,0.0,0.0,58.0,0.0,0.0,0.0,0.0,0.0,0.0,0.0,0.0,0.0,0.0,0.0,0.0,0.0,0.0,0.0,0.0,0.0,0.0,0.0,0.0,0.0,0.0,0.0,0.0,0.0,0.0,0.0,0.0,0.0,0.0,0.0,0.0,0.0,0.0,0.0,0.0,0.0,0.0,0.0,0.0,4.0,0.0,5.0,0.0,0.0,0.0,0.0,0.0,0.0,0.0,1.0,2.0,0.0,4.0,0.0,0.0,0.0,0.0,0.0,0.0,0.0,1.0,0.0,0.0,0.0,0.0,0.0,0.0,0.0,1.0,0.0,0.0,0.0,0.0,0.0,0.0,0.0,0.0,0.0,0.0,1.0,0.0,0.0,0.0,0.0,0.0,4.0,0.0,0.0,0.0,0.0,0.0,0.0,0.0,0.0,0.0,0.0,0.0,0.0,1.0,0.0,0.0,3.0,3.0,1.0,2.0,1.0,0.0,0.0,0.0,0.0,0.0,1.0,6.0,0.0,0.0,0.0,0.0,0.0,0.0,2.0,1.0,2.0,0.0,0.0,0.0,0.0,0.0,0.0,0.0,0.0,0.0,0.0,0.0,0.0,0.0,0.0,0.0,0.0,0.0,0.0,0.0,0.0,0.0,1.0,1.0,0.0,0.0,0.0,0.0,0.0,0.0,0.0,0.0,1.0,0.0,0.0,0.0,0.0,0.0,0.0,0.0,0.0,0.0,0.0,0.0,0.0,0.0,0.0,0.0,0.0,0.0,0.0,0.0,0.0,0.0,1.0,0.0,0.0,0.0,0.0,0.0,2.0,0.0,0.0,1.0,0.0,0.0,0.0,0.0,0.0,0.0,0.0,0.0,0.0,0.0,0.0,0.0,0.0,0.0,0.0,0.0,0.0,0.0,0.0,0.0,0.0,0.0,0.0,0.0,1.0,1.0,0.0,0.0,0.0,0.0,0.0,0.0,0.0,3.0,0.0,0.0,0.0,0.0,0.0,0.0
2020-03-19,0.0,0.0,0.0,0.0,0.0,73.0,0.0,0.0,0.0,0.0,0.0,0.0,0.0,0.0,0.0,0.0,0.0,0.0,0.0,0.0,0.0,0.0,0.0,0.0,0.0,0.0,0.0,0.0,0.0,0.0,0.0,0.0,0.0,0.0,0.0,0.0,0.0,0.0,0.0,0.0,0.0,0.0,0.0,0.0,0.0,0.0,4.0,0.0,7.0,0.0,0.0,0.0,0.0,0.0,0.0,0.0,1.0,2.0,0.0,4.0,0.0,0.0,0.0,0.0,0.0,0.0,0.0,1.0,0.0,0.0,0.0,0.0,0.0,0.0,0.0,2.0,0.0,0.0,0.0,0.0,0.0,0.0,0.0,0.0,0.0,0.0,1.0,0.0,0.0,0.0,0.0,0.0,5.0,0.0,0.0,0.0,0.0,0.0,0.0,0.0,0.0,0.0,0.0,0.0,0.0,1.0,0.0,0.0,4.0,3.0,2.0,2.0,1.0,0.0,0.0,0.0,0.0,0.0,1.0,7.0,0.0,0.0,0.0,0.0,0.0,0.0,2.0,1.0,2.0,0.0,0.0,0.0,0.0,1.0,0.0,0.0,0.0,0.0,0.0,0.0,0.0,0.0,0.0,0.0,0.0,0.0,0.0,0.0,0.0,0.0,1.0,3.0,0.0,0.0,0.0,0.0,0.0,0.0,0.0,0.0,1.0,1.0,0.0,0.0,0.0,0.0,0.0,1.0,0.0,0.0,0.0,0.0,0.0,0.0,0.0,0.0,0.0,0.0,0.0,0.0,0.0,0.0,1.0,0.0,0.0,0.0,0.0,0.0,2.0,0.0,0.0,1.0,0.0,0.0,0.0,0.0,0.0,0.0,0.0,0.0,0.0,0.0,0.0,0.0,0.0,0.0,0.0,0.0,0.0,0.0,0.0,1.0,0.0,0.0,0.0,0.0,1.0,1.0,0.0,0.0,0.0,0.0,0.0,0.0,0.0,5.0,0.0,0.0,0.0,0.0,0.0,0.0
2020-03-20,0.0,0.0,0.0,0.0,0.0,96.0,0.0,0.0,0.0,0.0,0.0,0.0,0.0,0.0,0.0,0.0,0.0,0.0,0.0,0.0,0.0,0.0,0.0,0.0,0.0,0.0,0.0,0.0,0.0,0.0,0.0,0.0,0.0,0.0,0.0,0.0,0.0,0.0,0.0,0.0,0.0,0.0,0.0,0.0,0.0,0.0,6.0,0.0,7.0,0.0,0.0,0.0,0.0,0.0,0.0,0.0,1.0,5.0,0.0,4.0,0.0,0.0,0.0,0.0,0.0,0.0,0.0,1.0,0.0,0.0,0.0,0.0,0.0,0.0,0.0,2.0,0.0,0.0,0.0,0.0,0.0,0.0,0.0,0.0,0.0,0.0,2.0,0.0,0.0,0.0,0.0,0.0,8.0,0.0,1.0,0.0,0.0,0.0,0.0,0.0,0.0,0.0,0.0,0.0,0.0,1.0,0.0,0.0,5.0,4.0,2.0,2.0,1.0,0.0,0.0,0.0,0.0,0.0,1.0,8.0,0.0,0.0,0.0,0.0,0.0,0.0,2.0,1.0,3.0,0.0,0.0,0.0,0.0,1.0,0.0,0.0,0.0,0.0,0.0,0.0,0.0,0.0,0.0,0.0,0.0,0.0,0.0,0.0,0.0,0.0,1.0,4.0,0.0,0.0,0.0,0.0,0.0,0.0,0.0,0.0,3.0,1.0,0.0,0.0,0.0,0.0,0.0,1.0,0.0,1.0,2.0,0.0,0.0,0.0,0.0,0.0,0.0,0.0,0.0,0.0,0.0,0.0,1.0,0.0,0.0,0.0,0.0,0.0,2.0,0.0,0.0,1.0,0.0,0.0,0.0,1.0,0.0,2.0,0.0,0.0,0.0,0.0,0.0,0.0,0.0,0.0,0.0,0.0,0.0,0.0,0.0,1.0,0.0,0.0,0.0,0.0,1.0,1.0,0.0,0.0,0.0,0.0,0.0,0.0,0.0,5.0,0.0,0.0,0.0,0.0,0.0,0.0
2020-03-21,1.0,0.0,0.0,0.0,0.0,119.0,0.0,0.0,0.0,0.0,0.0,0.0,0.0,0.0,0.0,0.0,0.0,0.0,0.0,0.0,0.0,0.0,0.0,0.0,0.0,0.0,0.0,0.0,0.0,0.0,0.0,0.0,0.0,0.0,0.0,0.0,0.0,0.0,0.0,0.0,0.0,0.0,0.0,0.0,0.0,0.0,7.0,0.0,8.0,0.0,0.0,0.0,0.0,0.0,0.0,0.0,1.0,7.0,0.0,6.0,0.0,0.0,0.0,0.0,0.0,0.0,0.0,1.0,0.0,0.0,0.0,0.0,0.0,0.0,0.0,2.0,0.0,0.0,0.0,0.0,0.0,0.0,0.0,0.0,1.0,0.0,2.0,0.0,0.0,0.0,0.0,0.0,10.0,0.0,1.0,0.0,0.0,0.0,0.0,0.0,0.0,0.0,0.0,0.0,0.0,1.0,0.0,0.0,5.0,5.0,3.0,2.0,2.0,0.0,0.0,0.0,0.0,0.0,1.0,9.0,0.0,0.0,0.0,1.0,0.0,0.0,2.0,1.0,4.0,0.0,0.0,0.0,0.0,1.0,0.0,0.0,0.0,0.0,0.0,0.0,0.0,0.0,0.0,0.0,0.0,0.0,0.0,1.0,0.0,0.0,1.0,5.0,0.0,0.0,0.0,0.0,0.0,0.0,0.0,0.0,3.0,1.0,0.0,0.0,0.0,0.0,0.0,1.0,0.0,1.0,2.0,0.0,0.0,0.0,0.0,0.0,0.0,0.0,0.0,0.0,0.0,0.0,1.0,0.0,0.0,0.0,0.0,0.0,5.0,0.0,0.0,1.0,0.0,1.0,0.0,1.0,0.0,2.0,0.0,0.0,0.0,0.0,1.0,0.0,0.0,0.0,0.0,0.0,0.0,0.0,0.0,1.0,0.0,0.0,0.0,0.0,1.0,1.0,0.0,0.0,0.0,0.0,0.0,0.0,0.0,5.0,0.0,0.0,0.0,0.0,0.0,0.0
2020-03-22,2.0,0.0,0.0,0.0,0.0,154.0,0.0,0.0,0.0,0.0,0.0,0.0,0.0,0.0,0.0,0.0,0.0,0.0,0.0,0.0,0.0,0.0,0.0,0.0,0.0,0.0,0.0,0.0,0.0,0.0,0.0,0.0,0.0,0.0,0.0,0.0,0.0,0.0,0.0,0.0,0.0,0.0,0.0,0.0,0.0,0.0,8.0,0.0,9.0,0.0,0.0,0.0,0.0,0.0,0.0,0.0,2.0,8.0,0.0,6.0,0.0,0.0,0.0,0.0,0.0,0.0,0.0,1.0,0.0,0.0,0.0,0.0,0.0,0.0,0.0,2.0,0.0,0.0,0.0,0.0,0.0,0.0,0.0,0.0,2.0,0.0,2.0,0.0,0.0,0.0,0.0,0.0,12.0,0.0,1.0,0.0,0.0,0.0,0.0,0.0,0.0,0.0,0.0,0.0,0.0,1.0,0.0,0.0,5.0,7.0,9.0,2.0,3.0,0.0,0.0,1.0,0.0,0.0,1.0,11.0,0.0,2.0,1.0,1.0,0.0,0.0,2.0,1.0,4.0,0.0,0.0,0.0,0.0,1.0,0.0,0.0,0.0,0.0,0.0,0.0,0.0,0.0,0.0,0.0,0.0,0.0,0.0,1.0,0.0,0.0,2.0,10.0,0.0,0.0,0.0,0.0,0.0,0.0,1.0,0.0,4.0,1.0,0.0,0.0,0.0,0.0,1.0,1.0,0.0,1.0,2.0,0.0,0.0,0.0,0.0,0.0,0.0,0.0,0.0,0.0,1.0,0.0,1.0,0.0,0.0,0.0,0.0,0.0,5.0,0.0,0.0,1.0,0.0,1.0,0.0,1.0,0.0,2.0,0.0,0.0,0.0,0.0,1.0,0.0,0.0,0.0,0.0,0.0,0.0,0.0,1.0,1.0,0.0,0.0,0.0,0.0,1.0,1.0,0.0,0.0,0.0,0.0,0.0,0.0,0.0,6.0,0.0,0.0,0.0,0.0,0.0,0.0
2020-03-23,2.0,0.0,0.0,0.0,0.0,204.0,0.0,0.0,0.0,0.0,0.0,0.0,0.0,0.0,0.0,0.0,0.0,0.0,0.0,0.0,0.0,0.0,0.0,0.0,0.0,0.0,0.0,0.0,0.0,0.0,0.0,0.0,0.0,0.0,0.0,0.0,0.0,0.0,0.0,0.0,0.0,0.0,0.0,0.0,0.0,0.0,13.0,0.0,15.0,0.0,0.0,0.0,0.0,0.0,0.0,0.0,3.0,13.0,0.0,7.0,0.0,0.0,0.0,0.0,0.0,0.0,0.0,1.0,0.0,0.0,0.0,0.0,0.0,0.0,0.0,2.0,0.0,0.0,0.0,0.0,0.0,0.0,0.0,0.0,2.0,0.0,3.0,0.0,0.0,0.0,0.0,0.0,14.0,0.0,1.0,0.0,0.0,0.0,1.0,0.0,0.0,0.0,0.0,0.0,0.0,1.0,0.0,0.0,6.0,10.0,11.0,2.0,4.0,0.0,0.0,1.0,0.0,0.0,1.0,17.0,0.0,2.0,2.0,1.0,0.0,0.0,2.0,2.0,4.0,0.0,0.0,1.0,0.0,2.0,0.0,0.0,0.0,0.0,0.0,0.0,0.0,0.0,0.0,0.0,0.0,0.0,0.0,1.0,0.0,0.0,2.0,14.0,0.0,0.0,0.0,0.0,0.0,0.0,1.0,0.0,5.0,1.0,0.0,0.0,1.0,0.0,1.0,2.0,0.0,1.0,2.0,0.0,0.0,0.0,0.0,0.0,0.0,0.0,0.0,0.0,1.0,0.0,1.0,0.0,0.0,0.0,0.0,0.0,5.0,0.0,0.0,1.0,0.0,1.0,0.0,1.0,0.0,2.0,0.0,0.0,0.0,0.0,1.0,0.0,0.0,0.0,0.0,1.0,0.0,0.0,1.0,1.0,0.0,0.0,0.0,0.0,1.0,1.0,0.0,0.0,0.0,0.0,0.0,0.0,0.0,9.0,0.0,0.0,0.0,0.0,0.0,0.0
2020-03-24,2.0,0.0,0.0,0.0,0.0,267.0,0.0,0.0,0.0,0.0,0.0,0.0,2.0,0.0,0.0,0.0,0.0,0.0,0.0,0.0,0.0,0.0,0.0,0.0,0.0,0.0,0.0,0.0,0.0,0.0,0.0,0.0,0.0,0.0,0.0,0.0,0.0,0.0,0.0,0.0,0.0,0.0,0.0,0.0,0.0,0.0,19.0,0.0,24.0,0.0,0.0,0.0,0.0,0.0,0.0,0.0,3.0,15.0,0.0,7.0,1.0,0.0,0.0,0.0,0.0,0.0,1.0,1.0,0.0,0.0,0.0,0.0,0.0,0.0,1.0,2.0,0.0,0.0,0.0,0.0,0.0,0.0,0.0,0.0,2.0,0.0,3.0,0.0,0.0,0.0,1.0,0.0,18.0,0.0,1.0,0.0,0.0,0.0,1.0,0.0,1.0,0.0,0.0,0.0,0.0,2.0,0.0,0.0,6.0,11.0,14.0,2.0,9.0,0.0,0.0,3.0,0.0,0.0,1.0,18.0,0.0,2.0,4.0,1.0,0.0,0.0,2.0,2.0,4.0,0.0,0.0,1.0,0.0,2.0,0.0,0.0,0.0,0.0,0.0,0.0,0.0,0.0,0.0,0.0,0.0,0.0,0.0,2.0,0.0,0.0,3.0,17.0,0.0,0.0,0.0,0.0,1.0,0.0,1.0,0.0,5.0,3.0,0.0,0.0,2.0,0.0,1.0,2.0,0.0,1.0,2.0,1.0,0.0,0.0,0.0,0.0,0.0,0.0,0.0,0.0,1.0,0.0,1.0,0.0,0.0,0.0,0.0,0.0,8.0,0.0,0.0,1.0,0.0,3.0,0.0,1.0,0.0,3.0,0.0,0.0,0.0,0.0,1.0,0.0,0.0,0.0,0.0,1.0,0.0,0.0,1.0,1.0,0.0,0.0,0.0,0.0,1.0,1.0,0.0,0.0,0.0,0.0,0.0,0.0,0.0,13.0,0.0,0.0,0.0,0.0,0.0,0.0
2020-03-25,2.0,0.0,0.0,0.0,0.0,325.0,0.0,0.0,0.0,0.0,0.0,0.0,2.0,0.0,0.0,0.0,0.0,0.0,0.0,0.0,0.0,0.0,0.0,0.0,0.0,0.0,0.0,0.0,0.0,0.0,0.0,0.0,0.0,0.0,0.0,0.0,0.0,0.0,0.0,1.0,0.0,1.0,0.0,0.0,0.0,0.0,21.0,0.0,32.0,0.0,0.0,0.0,0.0,0.0,0.0,0.0,3.0,18.0,0.0,7.0,1.0,0.0,1.0,0.0,0.0,0.0,2.0,1.0,0.0,0.0,0.0,0.0,0.0,0.0,1.0,2.0,0.0,0.0,0.0,0.0,0.0,0.0,0.0,0.0,2.0,0.0,3.0,0.0,0.0,0.0,2.0,0.0,24.0,0.0,1.0,0.0,0.0,0.0,1.0,0.0,1.0,0.0,0.0,0.0,0.0,2.0,0.0,0.0,6.0,17.0,19.0,2.0,9.0,0.0,0.0,3.0,0.0,0.0,1.0,18.0,0.0,2.0,5.0,1.0,0.0,0.0,2.0,2.0,5.0,0.0,0.0,1.0,0.0,3.0,0.0,0.0,0.0,1.0,0.0,0.0,0.0,0.0,0.0,0.0,0.0,0.0,0.0,3.0,0.0,0.0,5.0,21.0,0.0,1.0,0.0,0.0,1.0,0.0,1.0,0.0,5.0,4.0,0.0,0.0,2.0,0.0,1.0,2.0,0.0,1.0,3.0,2.0,0.0,0.0,0.0,0.0,0.0,0.0,0.0,0.0,1.0,0.0,1.0,0.0,0.0,0.0,0.0,0.0,9.0,1.0,0.0,1.0,1.0,5.0,0.0,1.0,0.0,3.0,0.0,0.0,0.0,0.0,1.0,0.0,0.0,0.0,0.0,1.0,0.0,0.0,3.0,1.0,0.0,0.0,0.0,0.0,1.0,1.0,0.0,0.0,0.0,0.0,0.0,0.0,0.0,14.0,0.0,0.0,0.0,0.0,0.0,0.0
2020-03-26,2.0,0.0,0.0,0.0,0.0,396.0,0.0,0.0,0.0,0.0,0.0,0.0,2.0,0.0,0.0,0.0,0.0,0.0,0.0,0.0,0.0,0.0,0.0,0.0,0.0,0.0,0.0,0.0,0.0,0.0,0.0,0.0,0.0,0.0,0.0,0.0,0.0,0.0,0.0,1.0,0.0,1.0,0.0,0.0,0.0,0.0,24.0,0.0,35.0,0.0,0.0,0.0,0.0,2.0,0.0,0.0,3.0,19.0,0.0,7.0,2.0,0.0,1.0,0.0,0.0,0.0,3.0,2.0,0.0,0.0,0.0,0.0,0.0,0.0,2.0,2.0,0.0,0.0,0.0,0.0,0.0,0.0,0.0,0.0,3.0,0.0,4.0,0.0,0.0,0.0,2.0,0.0,35.0,0.0,1.0,0.0,0.0,0.0,1.0,0.0,1.0,0.0,0.0,0.0,0.0,2.0,0.0,0.0,9.0,18.0,20.0,2.0,9.0,0.0,0.0,3.0,0.0,0.0,2.0,19.0,0.0,2.0,8.0,3.0,0.0,0.0,2.0,2.0,5.0,0.0,0.0,1.0,0.0,3.0,0.0,0.0,0.0,3.0,1.0,0.0,1.0,0.0,0.0,0.0,0.0,0.0,0.0,4.0,0.0,0.0,8.0,24.0,0.0,1.0,0.0,0.0,1.0,0.0,1.0,0.0,8.0,5.0,0.0,0.0,2.0,0.0,1.0,2.0,0.0,2.0,3.0,2.0,0.0,0.0,0.0,0.0,0.0,0.0,0.0,0.0,1.0,0.0,2.0,0.0,0.0,0.0,1.0,0.0,12.0,1.0,0.0,1.0,1.0,7.0,0.0,1.0,0.0,4.0,0.0,0.0,0.0,0.0,2.0,0.0,0.0,0.0,0.0,2.0,0.0,0.0,5.0,1.0,0.0,0.0,0.0,1.0,1.0,1.0,0.0,0.0,0.0,0.0,0.0,0.0,0.0,18.0,0.0,0.0,0.0,0.0,0.0,0.0
2020-03-27,2.0,0.0,0.0,0.0,0.0,478.0,0.0,0.0,0.0,0.0,0.0,0.0,2.0,0.0,0.0,0.0,0.0,0.0,0.0,0.0,0.0,0.0,0.0,0.0,0.0,0.0,0.0,0.0,0.0,0.0,0.0,0.0,0.0,0.0,0.0,0.0,0.0,0.0,0.0,1.0,0.0,1.0,0.0,0.0,0.0,0.0,29.0,0.0,43.0,0.0,0.0,0.0,0.0,2.0,0.0,0.0,4.0,25.0,0.0,7.0,2.0,0.0,1.0,0.0,0.0,0.0,5.0,3.0,0.0,0.0,0.0,0.0,0.0,0.0,2.0,3.0,1.0,0.0,1.0,0.0,0.0,0.0,0.0,0.0,4.0,0.0,4.0,0.0,0.0,0.0,3.0,0.0,37.0,0.0,1.0,0.0,0.0,0.0,1.0,0.0,2.0,0.0,0.0,0.0,0.0,2.0,0.0,0.0,12.0,20.0,22.0,3.0,9.0,0.0,0.0,3.0,0.0,1.0,2.0,20.0,0.0,2.0,10.0,8.0,0.0,0.0,2.0,2.0,6.0,0.0,0.0,1.0,0.0,3.0,0.0,0.0,0.0,4.0,1.0,0.0,1.0,0.0,0.0,0.0,0.0,0.0,0.0,7.0,0.0,0.0,9.0,28.0,0.0,1.0,0.0,0.0,1.0,0.0,1.0,0.0,13.0,6.0,0.0,0.0,3.0,0.0,1.0,2.0,0.0,2.0,3.0,2.0,0.0,0.0,1.0,0.0,0.0,0.0,0.0,0.0,1.0,0.0,3.0,0.0,0.0,0.0,1.0,0.0,18.0,1.0,0.0,1.0,1.0,9.0,0.0,1.0,0.0,5.0,0.0,0.0,0.0,0.0,2.0,0.0,0.0,0.0,0.0,2.0,0.0,1.0,6.0,2.0,0.0,0.0,0.0,1.0,2.0,1.0,0.0,0.0,0.0,0.0,0.0,0.0,0.0,20.0,0.0,0.0,0.0,0.0,0.0,0.0
2020-03-28,2.0,0.0,0.0,0.0,0.0,550.0,0.0,0.0,0.0,0.0,0.0,0.0,2.0,0.0,0.0,0.0,0.0,0.0,0.0,0.0,0.0,0.0,0.0,0.0,0.0,0.0,0.0,0.0,0.0,0.0,0.0,0.0,0.0,0.0,1.0,0.0,0.0,0.0,0.0,2.0,0.0,1.0,0.0,0.0,0.0,0.0,33.0,0.0,46.0,0.0,0.0,0.0,0.0,2.0,0.0,0.0,4.0,28.0,0.0,7.0,3.0,0.0,1.0,0.0,0.0,0.0,7.0,3.0,1.0,0.0,0.0,0.0,0.0,0.0,2.0,3.0,1.0,0.0,1.0,0.0,0.0,0.0,0.0,0.0,7.0,0.0,4.0,0.0,0.0,0.0,3.0,0.0,44.0,0.0,1.0,0.0,0.0,0.0,1.0,0.0,2.0,0.0,0.0,2.0,0.0,3.0,0.0,0.0,13.0,24.0,23.0,3.0,9.0,0.0,0.0,3.0,0.0,1.0,2.0,20.0,0.0,2.0,13.0,10.0,0.0,0.0,2.0,3.0,6.0,0.0,0.0,1.0,0.0,3.0,0.0,0.0,1.0,5.0,2.0,1.0,1.0,0.0,0.0,0.0,0.0,0.0,0.0,8.0,0.0,0.0,10.0,30.0,0.0,1.0,0.0,0.0,1.0,0.0,2.0,0.0,25.0,6.0,0.0,0.0,3.0,1.0,1.0,2.0,0.0,2.0,3.0,2.0,0.0,0.0,1.0,0.0,0.0,0.0,0.0,0.0,1.0,0.0,3.0,0.0,0.0,0.0,1.0,0.0,20.0,1.0,0.0,1.0,1.0,10.0,0.0,2.0,0.0,6.0,0.0,0.0,0.0,0.0,2.0,0.0,0.0,0.0,0.0,2.0,0.0,1.0,9.0,3.0,0.0,0.0,0.0,1.0,2.0,1.0,0.0,0.0,0.0,0.0,0.0,0.0,0.0,20.0,0.0,0.0,0.0,0.0,0.0,0.0
2020-03-29,2.0,0.0,0.0,0.0,0.0,701.0,0.0,0.0,0.0,0.0,0.0,0.0,2.0,0.0,0.0,0.0,0.0,0.0,0.0,0.0,0.0,0.0,0.0,0.0,0.0,0.0,0.0,0.0,0.0,0.0,0.0,0.0,0.0,0.0,1.0,0.0,0.0,0.0,0.0,2.0,0.0,2.0,0.0,0.0,0.0,0.0,45.0,0.0,51.0,0.0,0.0,0.0,0.0,2.0,0.0,0.0,5.0,32.0,0.0,7.0,6.0,0.0,1.0,0.0,0.0,0.0,10.0,3.0,1.0,0.0,0.0,0.0,0.0,0.0,3.0,3.0,1.0,0.0,1.0,1.0,0.0,0.0,0.0,2.0,8.0,0.0,10.0,0.0,0.0,0.0,4.0,0.0,58.0,2.0,1.0,0.0,0.0,0.0,1.0,0.0,2.0,0.0,0.0,3.0,0.0,3.0,0.0,1.0,14.0,26.0,26.0,3.0,10.0,0.0,0.0,3.0,0.0,1.0,2.0,21.0,0.0,2.0,17.0,11.0,0.0,0.0,2.0,3.0,7.0,0.0,1.0,2.0,0.0,3.0,0.0,0.0,1.0,6.0,4.0,1.0,1.0,1.0,0.0,0.0,0.0,0.0,0.0,10.0,0.0,0.0,15.0,30.0,2.0,1.0,0.0,0.0,1.0,0.0,3.0,0.0,51.0,7.0,0.0,0.0,5.0,1.0,1.0,2.0,0.0,4.0,3.0,2.0,0.0,0.0,1.0,0.0,0.0,0.0,0.0,0.0,1.0,0.0,4.0,1.0,0.0,0.0,1.0,0.0,26.0,1.0,0.0,3.0,2.0,13.0,0.0,3.0,0.0,6.0,0.0,0.0,0.0,0.0,2.0,0.0,0.0,0.0,0.0,3.0,0.0,2.0,11.0,5.0,0.0,0.0,0.0,1.0,6.0,2.0,0.0,0.0,0.0,0.0,0.0,0.0,0.0,25.0,0.0,0.0,0.0,0.0,0.0,0.0
2020-03-30,2.0,0.0,0.0,1.0,0.0,871.0,0.0,0.0,0.0,0.0,0.0,0.0,2.0,0.0,0.0,0.0,0.0,0.0,0.0,0.0,0.0,0.0,0.0,0.0,0.0,0.0,0.0,0.0,0.0,0.0,0.0,0.0,0.0,0.0,1.0,0.0,0.0,0.0,0.0,3.0,0.0,2.0,0.0,0.0,0.0,0.0,55.0,0.0,60.0,0.0,0.0,0.0,0.0,2.0,0.0,0.0,6.0,36.0,0.0,8.0,6.0,0.0,1.0,0.0,1.0,0.0,15.0,5.0,1.0,0.0,0.0,0.0,0.0,0.0,4.0,4.0,1.0,0.0,2.0,2.0,0.0,0.0,0.0,8.0,11.0,0.0,13.0,0.0,0.0,0.0,6.0,0.0,72.0,2.0,1.0,0.0,0.0,0.0,3.0,0.0,2.0,0.0,0.0,3.0,0.0,5.0,0.0,2.0,18.0,28.0,28.0,4.0,10.0,0.0,0.0,3.0,0.0,2.0,2.0,22.0,0.0,2.0,23.0,13.0,0.0,0.0,2.0,3.0,8.0,0.0,1.0,2.0,0.0,3.0,0.0,0.0,1.0,10.0,8.0,1.0,1.0,1.0,0.0,0.0,0.0,0.0,0.0,11.0,0.0,0.0,20.0,34.0,2.0,1.0,0.0,1.0,2.0,0.0,4.0,0.0,66.0,10.0,0.0,0.0,5.0,1.0,1.0,3.0,0.0,6.0,4.0,2.0,0.0,0.0,1.0,0.0,0.0,0.0,0.0,0.0,1.0,0.0,5.0,2.0,1.0,0.0,1.0,0.0,39.0,1.0,0.0,3.0,4.0,15.0,0.0,5.0,0.0,6.0,0.0,0.0,0.0,1.0,2.0,0.0,0.0,0.0,0.0,3.0,0.0,2.0,11.0,11.0,0.0,0.0,0.0,1.0,9.0,2.0,0.0,0.0,0.0,0.0,0.0,0.0,0.0,28.0,0.0,0.0,0.0,0.0,0.0,0.0
2020-03-31,2.0,0.0,0.0,1.0,0.0,1037.0,0.0,0.0,0.0,0.0,0.0,0.0,2.0,0.0,0.0,0.0,0.0,0.0,0.0,0.0,0.0,0.0,0.0,0.0,0.0,0.0,0.0,0.0,0.0,0.0,0.0,0.0,0.0,0.0,2.0,0.0,0.0,0.0,0.0,4.0,0.0,3.0,0.0,0.0,0.0,0.0,66.0,0.0,65.0,0.0,0.0,0.0,0.0,2.0,0.0,0.0,9.0,42.0,0.0,10.0,6.0,0.0,1.0,0.0,1.0,0.0,19.0,6.0,1.0,0.0,0.0,0.0,0.0,0.0,7.0,6.0,1.0,0.0,2.0,3.0,0.0,0.0,0.0,10.0,11.0,0.0,18.0,0.0,0.0,0.0,7.0,0.0,75.0,2.0,1.0,0.0,0.0,0.0,4.0,0.0,2.0,0.0,0.0,3.0,0.0,8.0,0.0,2.0,21.0,31.0,34.0,5.0,10.0,0.0,0.0,3.0,0.0,2.0,2.0,24.0,0.0,2.0,28.0,20.0,0.0,0.0,2.0,3.0,9.0,0.0,1.0,4.0,0.0,3.0,0.0,0.0,1.0,13.0,13.0,1.0,3.0,1.0,0.0,0.0,0.0,0.0,0.0,18.0,0.0,1.0,24.0,41.0,3.0,1.0,0.0,1.0,2.0,0.0,4.0,0.0,68.0,11.0,0.0,0.0,6.0,1.0,1.0,3.0,0.0,8.0,5.0,2.0,0.0,0.0,1.0,0.0,0.0,0.0,0.0,0.0,2.0,0.0,6.0,2.0,2.0,0.0,1.0,0.0,47.0,1.0,1.0,4.0,6.0,19.0,0.0,9.0,1.0,10.0,0.0,0.0,0.0,1.0,2.0,0.0,0.0,0.0,0.0,3.0,0.0,4.0,13.0,16.0,0.0,0.0,1.0,3.0,10.0,2.0,0.0,0.0,0.0,0.0,0.0,0.0,0.0,30.0,0.0,0.0,0.0,0.0,0.0,0.0
2020-04-01,2.0,0.0,0.0,2.0,0.0,1389.0,0.0,0.0,0.0,0.0,0.0,0.0,3.0,0.0,0.0,0.0,0.0,0.0,0.0,0.0,0.0,0.0,0.0,0.0,0.0,0.0,0.0,0.0,0.0,0.0,0.0,0.0,0.0,0.0,2.0,0.0,0.0,0.0,0.0,10.0,0.0,4.0,0.0,0.0,0.0,0.0,85.0,0.0,80.0,0.0,0.0,0.0,0.0,3.0,3.0,0.0,16.0,56.0,0.0,14.0,7.0,0.0,2.0,0.0,1.0,0.0,24.0,9.0,2.0,0.0,0.0,0.0,1.0,0.0,9.0,7.0,2.0,0.0,2.0,3.0,1.0,0.0,4.0,13.0,13.0,0.0,26.0,0.0,2.0,0.0,12.0,0.0,92.0,2.0,2.0,0.0,0.0,1.0,4.0,0.0,2.0,0.0,0.0,4.0,1.0,8.0,1.0,6.0,25.0,36.0,41.0,6.0,13.0,0.0,0.0,4.0,1.0,3.0,5.0,29.0,0.0,2.0,37.0,24.0,0.0,0.0,3.0,3.0,9.0,0.0,2.0,8.0,1.0,3.0,0.0,1.0,1.0,15.0,17.0,1.0,3.0,1.0,0.0,0.0,0.0,2.0,0.0,22.0,0.0,1.0,27.0,44.0,7.0,3.0,0.0,3.0,3.0,0.0,4.0,0.0,94.0,11.0,0.0,0.0,6.0,1.0,1.0,4.0,1.0,13.0,7.0,7.0,2.0,0.0,2.0,0.0,0.0,1.0,0.0,0.0,3.0,0.0,17.0,6.0,3.0,2.0,1.0,0.0,48.0,2.0,1.0,10.0,9.0,28.0,0.0,11.0,1.0,19.0,0.0,2.0,0.0,2.0,3.0,0.0,0.0,0.0,0.0,3.0,0.0,6.0,16.0,22.0,4.0,0.0,1.0,3.0,12.0,4.0,0.0,0.0,0.0,1.0,0.0,0.0,0.0,42.0,3.0,0.0,0.0,1.0,0.0,0.0
2020-04-02,2.0,0.0,0.0,2.0,0.0,1927.0,0.0,0.0,0.0,0.0,0.0,0.0,3.0,0.0,0.0,0.0,0.0,0.0,0.0,0.0,0.0,0.0,0.0,0.0,0.0,0.0,0.0,0.0,0.0,0.0,0.0,0.0,0.0,0.0,2.0,0.0,0.0,0.0,0.0,15.0,0.0,15.0,0.0,0.0,0.0,0.0,104.0,0.0,92.0,1.0,0.0,0.0,1.0,3.0,3.0,1.0,20.0,76.0,0.0,25.0,12.0,0.0,9.0,0.0,1.0,0.0,35.0,14.0,5.0,0.0,0.0,0.0,1.0,0.0,12.0,12.0,2.0,0.0,2.0,5.0,3.0,0.0,4.0,18.0,21.0,0.0,34.0,1.0,3.0,1.0,24.0,0.0,106.0,2.0,3.0,0.0,0.0,1.0,6.0,1.0,2.0,1.0,0.0,4.0,1.0,8.0,3.0,13.0,27.0,41.0,52.0,13.0,18.0,1.0,2.0,7.0,2.0,5.0,7.0,41.0,2.0,4.0,42.0,25.0,0.0,0.0,11.0,5.0,9.0,0.0,3.0,10.0,1.0,6.0,0.0,3.0,4.0,20.0,31.0,5.0,8.0,2.0,1.0,0.0,0.0,4.0,0.0,26.0,1.0,1.0,30.0,57.0,14.0,4.0,0.0,7.0,8.0,0.0,6.0,0.0,124.0,16.0,0.0,0.0,7.0,1.0,2.0,5.0,1.0,21.0,12.0,10.0,4.0,0.0,3.0,0.0,8.0,1.0,0.0,0.0,9.0,0.0,23.0,11.0,4.0,3.0,1.0,0.0,62.0,4.0,5.0,21.0,10.0,38.0,4.0,16.0,2.0,26.0,0.0,4.0,0.0,6.0,4.0,0.0,0.0,0.0,0.0,3.0,0.0,12.0,16.0,28.0,8.0,0.0,3.0,5.0,15.0,9.0,0.0,2.0,0.0,1.0,0.0,0.0,0.0,48.0,4.0,1.0,1.0,2.0,0.0,0.0
2020-04-03,3.0,0.0,0.0,2.0,0.0,2592.0,0.0,0.0,0.0,0.0,0.0,0.0,4.0,0.0,1.0,0.0,0.0,0.0,0.0,0.0,0.0,0.0,1.0,0.0,0.0,0.0,0.0,0.0,0.0,0.0,0.0,0.0,0.0,0.0,2.0,0.0,0.0,0.0,0.0,21.0,0.0,23.0,0.0,0.0,0.0,1.0,118.0,0.0,116.0,1.0,0.0,1.0,1.0,4.0,4.0,2.0,25.0,92.0,0.0,39.0,20.0,1.0,11.0,0.0,1.0,1.0,43.0,21.0,9.0,0.0,0.0,2.0,1.0,0.0,14.0,17.0,5.0,3.0,2.0,8.0,3.0,2.0,8.0,25.0,25.0,0.0,46.0,1.0,7.0,4.0,34.0,1.0,117.0,5.0,7.0,1.0,0.0,2.0,11.0,4.0,3.0,5.0,0.0,6.0,1.0,11.0,15.0,18.0,33.0,46.0,63.0,23.0,30.0,2.0,3.0,16.0,5.0,10.0,9.0,58.0,6.0,6.0,49.0,32.0,0.0,0.0,19.0,6.0,11.0,0.0,7.0,10.0,8.0,11.0,0.0,6.0,8.0,26.0,40.0,12.0,15.0,6.0,1.0,1.0,0.0,6.0,0.0,27.0,1.0,1.0,34.0,63.0,21.0,7.0,0.0,8.0,11.0,0.0,9.0,0.0,145.0,18.0,0.0,0.0,7.0,1.0,7.0,8.0,8.0,33.0,14.0,15.0,9.0,0.0,12.0,0.0,14.0,1.0,0.0,0.0,12.0,1.0,30.0,14.0,6.0,8.0,1.0,0.0,71.0,6.0,8.0,30.0,12.0,47.0,7.0,19.0,3.0,30.0,0.0,8.0,1.0,11.0,7.0,0.0,1.0,0.0,0.0,8.0,1.0,18.0,19.0,34.0,10.0,0.0,5.0,14.0,15.0,14.0,0.0,6.0,0.0,1.0,0.0,0.0,0.0,61.0,6.0,1.0,1.0,3.0,0.0,0.0
2020-04-04,3.0,0.0,1.0,2.0,0.0,3365.0,0.0,0.0,0.0,0.0,0.0,0.0,4.0,0.0,1.0,0.0,0.0,0.0,0.0,0.0,0.0,0.0,1.0,0.0,0.0,0.0,0.0,0.0,0.0,0.0,0.0,0.0,0.0,0.0,3.0,0.0,0.0,0.0,0.0,28.0,0.0,40.0,1.0,0.0,0.0,1.0,137.0,0.0,133.0,3.0,1.0,1.0,1.0,7.0,6.0,4.0,28.0,112.0,0.0,49.0,27.0,1.0,14.0,2.0,1.0,2.0,52.0,29.0,14.0,1.0,0.0,5.0,1.0,0.0,15.0,24.0,9.0,4.0,8.0,10.0,9.0,4.0,13.0,34.0,32.0,0.0,58.0,3.0,7.0,7.0,47.0,1.0,129.0,8.0,10.0,3.0,0.0,2.0,14.0,6.0,3.0,7.0,0.0,7.0,2.0,13.0,19.0,21.0,38.0,53.0,80.0,36.0,42.0,2.0,9.0,24.0,6.0,10.0,11.0,74.0,9.0,8.0,51.0,40.0,0.0,1.0,28.0,6.0,14.0,0.0,8.0,16.0,15.0,15.0,0.0,10.0,13.0,32.0,46.0,14.0,16.0,12.0,1.0,3.0,0.0,15.0,0.0,33.0,1.0,2.0,39.0,72.0,24.0,15.0,0.0,12.0,18.0,0.0,13.0,0.0,180.0,25.0,0.0,0.0,7.0,1.0,11.0,15.0,17.0,41.0,18.0,22.0,20.0,0.0,17.0,0.0,21.0,1.0,0.0,0.0,14.0,1.0,47.0,20.0,7.0,13.0,1.0,0.0,80.0,7.0,12.0,39.0,14.0,62.0,11.0,24.0,4.0,37.0,0.0,11.0,1.0,15.0,19.0,0.0,2.0,0.0,0.0,10.0,1.0,29.0,22.0,46.0,13.0,0.0,8.0,20.0,18.0,18.0,0.0,10.0,0.0,1.0,0.0,0.0,0.0,84.0,8.0,2.0,1.0,3.0,0.0,0.0
2020-04-05,3.0,0.0,1.0,2.0,0.0,4102.0,0.0,0.0,0.0,0.0,0.0,0.0,4.0,0.0,1.0,0.0,0.0,0.0,0.0,0.0,0.0,0.0,2.0,0.0,0.0,0.0,0.0,0.0,0.0,0.0,0.0,0.0,0.0,0.0,3.0,0.0,0.0,0.0,0.0,35.0,0.0,49.0,1.0,1.0,0.0,2.0,157.0,0.0,155.0,3.0,3.0,1.0,1.0,10.0,8.0,7.0,34.0,132.0,0.0,56.0,35.0,1.0,17.0,4.0,1.0,2.0,58.0,39.0,15.0,1.0,0.0,9.0,1.0,0.0,21.0,34.0,12.0,7.0,8.0,12.0,10.0,7.0,14.0,42.0,39.0,1.0,67.0,3.0,8.0,9.0,62.0,1.0,141.0,10.0,13.0,10.0,0.0,2.0,14.0,11.0,3.0,8.0,0.0,8.0,2.0,16.0,29.0,24.0,41.0,57.0,90.0,47.0,54.0,2.0,16.0,32.0,6.0,14.0,15.0,86.0,17.0,10.0,60.0,43.0,0.0,1.0,36.0,6.0,19.0,0.0,12.0,20.0,26.0,16.0,0.0,12.0,16.0,38.0,50.0,16.0,22.0,15.0,1.0,6.0,0.0,19.0,0.0,39.0,1.0,2.0,45.0,85.0,30.0,16.0,0.0,15.0,24.0,0.0,15.0,0.0,217.0,29.0,0.0,0.0,7.0,1.0,15.0,22.0,27.0,61.0,23.0,24.0,32.0,1.0,26.0,0.0,28.0,1.0,0.0,0.0,16.0,1.0,57.0,26.0,8.0,17.0,2.0,0.0,91.0,12.0,16.0,44.0,16.0,69.0,16.0,28.0,10.0,46.0,0.0,13.0,1.0,18.0,22.0,0.0,2.0,0.0,0.0,12.0,1.0,34.0,27.0,58.0,17.0,0.0,12.0,27.0,21.0,21.0,0.0,13.0,0.0,1.0,0.0,0.0,0.0,98.0,12.0,2.0,1.0,3.0,0.0,0.0
2020-04-06,4.0,0.0,1.0,2.0,0.0,4828.0,0.0,0.0,0.0,0.0,0.0,0.0,4.0,0.0,1.0,0.0,0.0,0.0,0.0,0.0,0.0,0.0,2.0,0.0,0.0,0.0,0.0,0.0,0.0,0.0,0.0,0.0,0.0,0.0,3.0,0.0,0.0,0.0,0.0,39.0,0.0,68.0,1.0,1.0,0.0,3.0,180.0,0.0,173.0,3.0,4.0,1.0,3.0,17.0,8.0,9.0,39.0,155.0,0.0,72.0,40.0,1.0,19.0,5.0,1.0,4.0,63.0,44.0,20.0,2.0,0.0,15.0,1.0,1.0,23.0,40.0,14.0,11.0,12.0,14.0,12.0,8.0,17.0,50.0,45.0,2.0,80.0,3.0,10.0,11.0,72.0,1.0,158.0,14.0,15.0,14.0,0.0,2.0,16.0,12.0,4.0,10.0,0.0,9.0,2.0,17.0,32.0,29.0,49.0,62.0,106.0,56.0,66.0,2.0,21.0,40.0,7.0,17.0,21.0,97.0,21.0,11.0,65.0,47.0,0.0,1.0,42.0,6.0,19.0,0.0,13.0,26.0,31.0,22.0,0.0,15.0,19.0,47.0,57.0,19.0,26.0,19.0,1.0,6.0,0.0,26.0,0.0,43.0,1.0,3.0,54.0,92.0,38.0,18.0,0.0,17.0,34.0,0.0,19.0,0.0,247.0,33.0,0.0,0.0,8.0,2.0,17.0,30.0,30.0,74.0,30.0,26.0,40.0,1.0,32.0,0.0,33.0,1.0,1.0,1.0,17.0,1.0,65.0,35.0,8.0,19.0,3.0,0.0,103.0,18.0,18.0,55.0,20.0,79.0,20.0,34.0,11.0,51.0,1.0,20.0,1.0,22.0,32.0,0.0,2.0,0.0,0.0,12.0,1.0,41.0,32.0,71.0,19.0,1.0,16.0,30.0,21.0,22.0,0.0,13.0,1.0,1.0,0.0,0.0,0.0,108.0,16.0,4.0,1.0,3.0,0.0,1.0
2020-04-07,4.0,0.0,1.0,2.0,0.0,5634.0,0.0,0.0,0.0,0.0,0.0,0.0,4.0,0.0,1.0,0.0,0.0,1.0,0.0,0.0,0.0,0.0,2.0,0.0,0.0,0.0,0.0,0.0,0.0,0.0,0.0,0.0,1.0,0.0,4.0,0.0,0.0,0.0,0.0,48.0,0.0,79.0,2.0,1.0,0.0,4.0,203.0,0.0,198.0,3.0,9.0,1.0,5.0,19.0,8.0,10.0,53.0,186.0,0.0,78.0,44.0,1.0,25.0,7.0,2.0,6.0,70.0,53.0,26.0,2.0,0.0,17.0,2.0,1.0,27.0,47.0,21.0,12.0,14.0,20.0,16.0,11.0,22.0,57.0,54.0,2.0,90.0,3.0,14.0,11.0,93.0,1.0,175.0,20.0,18.0,16.0,0.0,3.0,22.0,13.0,4.0,13.0,0.0,10.0,2.0,26.0,37.0,31.0,53.0,75.0,119.0,68.0,72.0,2.0,23.0,41.0,8.0,21.0,28.0,113.0,27.0,12.0,69.0,50.0,0.0,1.0,48.0,8.0,21.0,0.0,13.0,29.0,39.0,26.0,0.0,20.0,24.0,59.0,66.0,27.0,29.0,26.0,1.0,8.0,0.0,26.0,0.0,50.0,1.0,3.0,58.0,101.0,50.0,25.0,0.0,23.0,44.0,0.0,26.0,0.0,272.0,37.0,0.0,0.0,9.0,2.0,19.0,35.0,37.0,88.0,35.0,31.0,45.0,1.0,40.0,0.0,36.0,1.0,1.0,1.0,22.0,1.0,72.0,44.0,9.0,25.0,3.0,0.0,121.0,19.0,19.0,62.0,24.0,87.0,24.0,42.0,11.0,56.0,1.0,22.0,1.0,26.0,40.0,0.0,2.0,2.0,0.0,14.0,1.0,46.0,36.0,79.0,23.0,1.0,18.0,41.0,26.0,31.0,0.0,14.0,1.0,1.0,0.0,0.0,0.0,120.0,18.0,6.0,1.0,6.0,0.0,1.0
2020-04-08,4.0,0.0,2.0,2.0,0.0,6527.0,0.0,0.0,0.0,0.0,0.0,0.0,5.0,0.0,2.0,0.0,0.0,1.0,0.0,0.0,0.0,0.0,2.0,0.0,0.0,0.0,0.0,0.0,0.0,0.0,0.0,0.0,1.0,0.0,5.0,0.0,0.0,0.0,0.0,61.0,0.0,87.0,2.0,1.0,0.0,5.0,233.0,0.0,218.0,3.0,12.0,1.0,5.0,22.0,8.0,18.0,66.0,204.0,0.0,88.0,52.0,2.0,32.0,7.0,2.0,8.0,79.0,62.0,32.0,3.0,0.0,21.0,2.0,2.0,35.0,56.0,24.0,15.0,18.0,22.0,17.0,12.0,24.0,69.0,70.0,2.0,96.0,4.0,18.0,13.0,117.0,2.0,189.0,26.0,20.0,18.0,0.0,3.0,28.0,16.0,5.0,17.0,0.0,13.0,4.0,29.0,50.0,42.0,60.0,83.0,139.0,80.0,77.0,4.0,29.0,52.0,9.0,22.0,34.0,131.0,33.0,16.0,80.0,56.0,0.0,1.0,56.0,9.0,23.0,0.0,17.0,33.0,42.0,27.0,0.0,25.0,29.0,62.0,73.0,33.0,30.0,33.0,1.0,10.0,1.0,28.0,0.0,52.0,1.0,3.0,63.0,116.0,56.0,33.0,0.0,32.0,50.0,1.0,28.0,0.0,310.0,41.0,0.0,0.0,10.0,2.0,22.0,45.0,41.0,113.0,39.0,35.0,54.0,2.0,42.0,0.0,43.0,1.0,2.0,1.0,26.0,1.0,83.0,53.0,11.0,28.0,3.0,0.0,136.0,22.0,24.0,69.0,27.0,100.0,30.0,49.0,11.0,61.0,1.0,25.0,1.0,33.0,48.0,0.0,2.0,2.0,0.0,17.0,1.0,53.0,39.0,99.0,26.0,1.0,23.0,47.0,27.0,40.0,0.0,16.0,1.0,1.0,1.0,0.0,0.0,136.0,22.0,6.0,1.0,7.0,0.0,1.0
2020-04-09,5.0,0.0,3.0,2.0,0.0,7310.0,1.0,0.0,0.0,0.0,0.0,0.0,6.0,0.0,2.0,0.0,0.0,2.0,0.0,0.0,0.0,0.0,2.0,0.0,0.0,0.0,0.0,0.0,0.0,0.0,0.0,0.0,1.0,0.0,5.0,0.0,0.0,0.0,0.0,77.0,0.0,97.0,2.0,1.0,0.0,7.0,253.0,0.0,234.0,3.0,14.0,1.0,5.0,24.0,8.0,23.0,72.0,218.0,0.0,99.0,57.0,2.0,35.0,7.0,2.0,8.0,85.0,69.0,37.0,3.0,0.0,26.0,2.0,2.0,39.0,66.0,27.0,15.0,20.0,26.0,18.0,13.0,25.0,80.0,80.0,2.0,105.0,4.0,18.0,16.0,140.0,3.0,207.0,33.0,24.0,23.0,0.0,4.0,32.0,20.0,6.0,20.0,0.0,13.0,4.0,37.0,56.0,53.0,63.0,85.0,156.0,89.0,86.0,4.0,32.0,57.0,14.0,24.0,40.0,145.0,35.0,20.0,87.0,59.0,0.0,2.0,64.0,10.0,26.0,0.0,19.0,39.0,46.0,32.0,0.0,27.0,34.0,66.0,81.0,38.0,33.0,41.0,3.0,11.0,1.0,30.0,0.0,59.0,1.0,4.0,67.0,128.0,65.0,39.0,0.0,39.0,59.0,1.0,31.0,0.0,334.0,52.0,1.0,0.0,14.0,2.0,24.0,51.0,45.0,129.0,44.0,39.0,66.0,2.0,46.0,0.0,48.0,1.0,2.0,1.0,28.0,1.0,90.0,61.0,18.0,30.0,5.0,0.0,143.0,24.0,31.0,77.0,30.0,107.0,33.0,50.0,12.0,67.0,1.0,28.0,3.0,45.0,55.0,0.0,3.0,2.0,1.0,19.0,1.0,61.0,43.0,107.0,32.0,1.0,26.0,53.0,33.0,47.0,0.0,16.0,1.0,1.0,1.0,0.0,2.0,152.0,24.0,7.0,1.0,8.0,0.0,1.0
2020-04-10,5.0,0.0,4.0,2.0,0.0,8047.0,1.0,0.0,0.0,0.0,0.0,0.0,6.0,0.0,3.0,0.0,0.0,3.0,0.0,0.0,0.0,0.0,2.0,0.0,0.0,0.0,0.0,0.0,0.0,0.0,0.0,0.0,1.0,0.0,5.0,0.0,0.0,0.0,0.0,86.0,0.0,111.0,3.0,1.0,0.0,7.0,274.0,0.0,248.0,4.0,14.0,1.0,6.0,26.0,9.0,33.0,79.0,236.0,0.0,105.0,63.0,2.0,40.0,8.0,3.0,11.0,92.0,76.0,45.0,3.0,0.0,32.0,3.0,2.0,43.0,71.0,28.0,16.0,22.0,30.0,21.0,14.0,30.0,91.0,86.0,2.0,115.0,4.0,22.0,18.0,151.0,4.0,215.0,35.0,28.0,23.0,0.0,5.0,34.0,22.0,9.0,23.0,0.0,16.0,4.0,44.0,66.0,58.0,69.0,89.0,167.0,100.0,97.0,6.0,33.0,61.0,19.0,26.0,44.0,153.0,39.0,24.0,92.0,61.0,0.0,2.0,74.0,10.0,29.0,0.0,21.0,45.0,51.0,39.0,0.0,31.0,38.0,74.0,85.0,44.0,33.0,46.0,3.0,12.0,1.0,33.0,0.0,69.0,1.0,5.0,73.0,137.0,70.0,46.0,0.0,44.0,66.0,1.0,37.0,1.0,357.0,55.0,1.0,0.0,16.0,2.0,29.0,57.0,50.0,139.0,47.0,44.0,72.0,5.0,55.0,0.0,53.0,2.0,2.0,1.0,31.0,1.0,99.0,69.0,22.0,32.0,5.0,0.0,161.0,26.0,36.0,85.0,35.0,112.0,34.0,56.0,13.0,76.0,1.0,30.0,3.0,50.0,64.0,0.0,4.0,2.0,2.0,23.0,1.0,69.0,46.0,122.0,36.0,1.0,28.0,61.0,34.0,51.0,0.0,18.0,1.0,1.0,1.0,0.0,2.0,160.0,27.0,8.0,2.0,8.0,0.0,1.0
2020-04-11,5.0,0.0,4.0,2.0,0.0,8820.0,1.0,0.0,0.0,0.0,0.0,0.0,6.0,0.0,3.0,0.0,0.0,3.0,0.0,0.0,0.0,0.0,2.0,0.0,0.0,0.0,0.0,0.0,0.0,0.0,0.0,0.0,1.0,0.0,5.0,0.0,0.0,0.0,0.0,99.0,0.0,127.0,4.0,1.0,0.0,8.0,292.0,0.0,261.0,4.0,16.0,1.0,6.0,30.0,9.0,39.0,86.0,254.0,0.0,120.0,70.0,2.0,42.0,10.0,3.0,12.0,95.0,88.0,51.0,4.0,0.0,41.0,4.0,3.0,49.0,79.0,31.0,17.0,29.0,32.0,23.0,17.0,30.0,99.0,96.0,3.0,126.0,4.0,26.0,19.0,164.0,4.0,223.0,40.0,29.0,24.0,0.0,5.0,36.0,27.0,9.0,29.0,0.0,16.0,4.0,46.0,73.0,70.0,71.0,96.0,178.0,107.0,104.0,8.0,34.0,66.0,19.0,26.0,50.0,167.0,39.0,25.0,99.0,64.0,0.0,2.0,83.0,15.0,31.0,0.0,24.0,49.0,60.0,40.0,0.0,34.0,41.0,79.0,91.0,47.0,37.0,53.0,4.0,13.0,1.0,38.0,0.0,77.0,2.0,5.0,80.0,149.0,83.0,50.0,0.0,48.0,71.0,1.0,43.0,1.0,386.0,64.0,1.0,0.0,17.0,2.0,32.0,71.0,55.0,157.0,54.0,49.0,77.0,5.0,64.0,0.0,60.0,3.0,2.0,1.0,35.0,1.0,102.0,73.0,22.0,36.0,6.0,0.0,185.0,27.0,41.0,94.0,37.0,121.0,37.0,63.0,13.0,80.0,2.0,31.0,4.0,55.0,69.0,0.0,5.0,2.0,2.0,26.0,1.0,75.0,51.0,133.0,39.0,1.0,33.0,66.0,37.0,57.0,0.0,26.0,1.0,2.0,1.0,0.0,3.0,174.0,29.0,9.0,2.0,8.0,0.0,1.0
2020-04-12,5.0,0.0,4.0,2.0,0.0,9535.0,1.0,0.0,0.0,0.0,0.0,0.0,6.0,0.0,3.0,0.0,0.0,4.0,0.0,0.0,0.0,0.0,2.0,0.0,0.0,0.0,0.0,0.0,0.0,0.0,0.0,0.0,1.0,0.0,5.0,0.0,0.0,0.0,0.0,110.0,0.0,136.0,6.0,1.0,1.0,9.0,305.0,0.0,274.0,4.0,18.0,1.0,6.0,33.0,9.0,48.0,94.0,267.0,0.0,125.0,78.0,5.0,46.0,10.0,3.0,12.0,100.0,94.0,61.0,4.0,0.0,47.0,4.0,4.0,55.0,89.0,35.0,19.0,33.0,36.0,23.0,17.0,32.0,113.0,109.0,3.0,139.0,4.0,28.0,20.0,173.0,4.0,241.0,43.0,33.0,25.0,0.0,6.0,39.0,29.0,10.0,30.0,0.0,16.0,5.0,52.0,74.0,75.0,75.0,99.0,188.0,113.0,110.0,8.0,39.0,71.0,21.0,29.0,56.0,178.0,41.0,27.0,106.0,66.0,0.0,2.0,89.0,17.0,33.0,1.0,30.0,52.0,67.0,44.0,0.0,36.0,45.0,92.0,100.0,50.0,43.0,63.0,4.0,15.0,1.0,44.0,0.0,84.0,2.0,5.0,82.0,155.0,91.0,56.0,0.0,50.0,76.0,1.0,47.0,1.0,407.0,70.0,1.0,0.0,18.0,2.0,35.0,76.0,59.0,165.0,58.0,54.0,79.0,6.0,71.0,0.0,66.0,4.0,2.0,1.0,39.0,1.0,108.0,82.0,24.0,39.0,6.0,0.0,200.0,28.0,45.0,104.0,38.0,131.0,43.0,69.0,15.0,89.0,2.0,33.0,4.0,57.0,78.0,0.0,5.0,2.0,2.0,27.0,1.0,78.0,56.0,142.0,49.0,1.0,40.0,73.0,38.0,64.0,0.0,28.0,1.0,5.0,1.0,0.0,3.0,187.0,32.0,10.0,2.0,10.0,1.0,1.0
2020-04-13,5.0,0.0,4.0,2.0,0.0,10229.0,1.0,0.0,0.0,0.0,0.0,0.0,6.0,0.0,4.0,0.0,0.0,6.0,0.0,0.0,0.0,0.0,2.0,1.0,0.0,0.0,0.0,0.0,0.0,0.0,0.0,0.0,1.0,0.0,5.0,0.0,0.0,0.0,0.0,117.0,0.0,141.0,7.0,1.0,1.0,9.0,322.0,0.0,284.0,4.0,20.0,1.0,8.0,34.0,11.0,53.0,97.0,281.0,0.0,134.0,83.0,6.0,52.0,15.0,3.0,13.0,109.0,99.0,68.0,4.0,0.0,51.0,4.0,4.0,56.0,94.0,41.0,20.0,34.0,40.0,24.0,17.0,37.0,124.0,116.0,3.0,146.0,4.0,29.0,21.0,190.0,4.0,256.0,45.0,38.0,31.0,0.0,7.0,42.0,34.0,10.0,34.0,0.0,18.0,6.0,56.0,80.0,80.0,82.0,107.0,196.0,120.0,115.0,8.0,42.0,74.0,22.0,35.0,62.0,190.0,43.0,27.0,108.0,71.0,1.0,2.0,97.0,20.0,40.0,1.0,31.0,57.0,77.0,48.0,0.0,38.0,52.0,98.0,108.0,54.0,45.0,68.0,4.0,16.0,1.0,46.0,0.0,86.0,2.0,6.0,86.0,168.0,97.0,59.0,0.0,54.0,85.0,1.0,54.0,1.0,425.0,74.0,1.0,0.0,20.0,2.0,40.0,80.0,64.0,171.0,61.0,58.0,88.0,7.0,77.0,0.0,70.0,4.0,2.0,1.0,41.0,1.0,113.0,91.0,26.0,41.0,8.0,0.0,216.0,33.0,49.0,112.0,42.0,139.0,50.0,77.0,15.0,98.0,2.0,39.0,5.0,62.0,81.0,0.0,5.0,2.0,3.0,27.0,1.0,91.0,59.0,150.0,56.0,1.0,43.0,75.0,41.0,66.0,0.0,31.0,1.0,5.0,1.0,0.0,3.0,201.0,36.0,11.0,2.0,11.0,1.0,1.0
2020-04-14,5.0,0.0,4.0,2.0,0.0,10875.0,1.0,0.0,0.0,0.0,0.0,0.0,6.0,0.0,4.0,0.0,0.0,8.0,0.0,0.0,0.0,1.0,2.0,1.0,0.0,0.0,0.0,0.0,0.0,0.0,0.0,0.0,1.0,0.0,5.0,0.0,0.0,0.0,0.0,127.0,0.0,152.0,7.0,1.0,1.0,10.0,342.0,0.0,293.0,4.0,22.0,1.0,8.0,37.0,11.0,57.0,100.0,295.0,0.0,143.0,88.0,6.0,58.0,16.0,3.0,13.0,113.0,108.0,76.0,5.0,0.0,58.0,4.0,4.0,60.0,99.0,46.0,21.0,35.0,40.0,26.0,17.0,38.0,134.0,121.0,3.0,152.0,4.0,29.0,22.0,200.0,5.0,260.0,46.0,44.0,35.0,0.0,8.0,45.0,36.0,11.0,37.0,0.0,19.0,8.0,62.0,91.0,84.0,85.0,116.0,209.0,127.0,118.0,8.0,46.0,78.0,24.0,39.0,67.0,199.0,43.0,27.0,116.0,73.0,1.0,2.0,104.0,23.0,41.0,1.0,33.0,59.0,86.0,53.0,0.0,44.0,55.0,101.0,111.0,60.0,47.0,77.0,5.0,17.0,1.0,48.0,0.0,92.0,2.0,7.0,92.0,180.0,98.0,63.0,0.0,57.0,92.0,1.0,64.0,1.0,453.0,78.0,1.0,1.0,20.0,2.0,43.0,88.0,69.0,183.0,63.0,62.0,92.0,8.0,87.0,1.0,73.0,4.0,2.0,1.0,41.0,1.0,115.0,97.0,33.0,47.0,8.0,0.0,231.0,36.0,51.0,115.0,43.0,148.0,51.0,83.0,16.0,103.0,2.0,43.0,6.0,65.0,88.0,0.0,5.0,3.0,3.0,30.0,1.0,96.0,63.0,156.0,64.0,1.0,48.0,85.0,44.0,67.0,0.0,31.0,1.0,5.0,2.0,0.0,5.0,209.0,37.0,11.0,2.0,12.0,1.0,1.0
2020-04-15,5.0,0.0,4.0,2.0,0.0,11559.0,1.0,0.0,0.0,0.0,0.0,0.0,6.0,0.0,5.0,0.0,1.0,8.0,0.0,0.0,0.0,1.0,2.0,1.0,0.0,0.0,0.0,0.0,0.0,0.0,0.0,0.0,1.0,0.0,5.0,0.0,0.0,0.0,0.0,136.0,0.0,161.0,8.0,1.0,2.0,10.0,355.0,0.0,304.0,4.0,24.0,1.0,8.0,40.0,12.0,63.0,104.0,303.0,0.0,148.0,93.0,6.0,64.0,17.0,3.0,13.0,116.0,113.0,84.0,5.0,0.0,60.0,4.0,6.0,65.0,105.0,52.0,22.0,38.0,41.0,26.0,18.0,42.0,144.0,127.0,3.0,164.0,4.0,31.0,22.0,214.0,5.0,272.0,50.0,49.0,44.0,0.0,9.0,48.0,39.0,15.0,39.0,0.0,20.0,8.0,64.0,97.0,91.0,91.0,121.0,215.0,133.0,133.0,10.0,48.0,88.0,26.0,42.0,72.0,208.0,46.0,31.0,128.0,76.0,1.0,2.0,110.0,24.0,44.0,1.0,40.0,64.0,96.0,55.0,0.0,50.0,61.0,104.0,118.0,62.0,52.0,83.0,6.0,17.0,2.0,51.0,0.0,95.0,2.0,10.0,97.0,186.0,107.0,69.0,0.0,61.0,104.0,1.0,71.0,1.0,481.0,82.0,1.0,2.0,22.0,2.0,44.0,93.0,73.0,194.0,66.0,65.0,95.0,8.0,93.0,1.0,78.0,4.0,2.0,1.0,44.0,1.0,123.0,102.0,36.0,52.0,9.0,0.0,239.0,37.0,55.0,122.0,46.0,154.0,56.0,87.0,16.0,110.0,2.0,46.0,7.0,72.0,94.0,0.0,5.0,3.0,3.0,32.0,1.0,105.0,68.0,165.0,67.0,1.0,59.0,86.0,46.0,71.0,0.0,34.0,1.0,5.0,3.0,0.0,5.0,217.0,39.0,13.0,2.0,12.0,1.0,1.0
2020-04-16,5.0,0.0,4.0,2.0,0.0,12195.0,1.0,0.0,0.0,0.0,0.0,0.0,6.0,0.0,5.0,0.0,1.0,8.0,0.0,0.0,0.0,1.0,2.0,1.0,0.0,0.0,0.0,0.0,0.0,0.0,0.0,0.0,1.0,0.0,5.0,0.0,0.0,0.0,0.0,152.0,0.0,164.0,9.0,1.0,2.0,10.0,367.0,0.0,316.0,6.0,25.0,1.0,8.0,41.0,13.0,69.0,107.0,316.0,0.0,152.0,97.0,6.0,74.0,17.0,3.0,14.0,121.0,117.0,94.0,8.0,1.0,66.0,4.0,9.0,69.0,109.0,59.0,25.0,42.0,46.0,26.0,19.0,46.0,150.0,133.0,3.0,170.0,4.0,32.0,24.0,225.0,5.0,280.0,51.0,54.0,46.0,0.0,10.0,55.0,41.0,16.0,42.0,0.0,22.0,10.0,67.0,106.0,94.0,99.0,126.0,227.0,139.0,139.0,14.0,54.0,91.0,29.0,45.0,77.0,220.0,47.0,33.0,139.0,80.0,1.0,2.0,117.0,25.0,47.0,1.0,42.0,69.0,106.0,59.0,0.0,52.0,63.0,106.0,123.0,68.0,56.0,88.0,6.0,20.0,2.0,56.0,0.0,96.0,2.0,11.0,101.0,191.0,113.0,73.0,0.0,64.0,117.0,1.0,83.0,1.0,500.0,87.0,1.0,2.0,23.0,2.0,46.0,97.0,77.0,203.0,70.0,69.0,101.0,10.0,100.0,1.0,82.0,4.0,2.0,1.0,44.0,1.0,126.0,105.0,37.0,56.0,10.0,0.0,252.0,39.0,55.0,125.0,47.0,164.0,59.0,93.0,16.0,114.0,3.0,48.0,7.0,76.0,95.0,0.0,5.0,4.0,3.0,34.0,1.0,115.0,71.0,172.0,72.0,1.0,64.0,89.0,48.0,76.0,0.0,36.0,1.0,5.0,3.0,0.0,5.0,229.0,42.0,13.0,2.0,13.0,2.0,1.0
2020-04-17,5.0,0.0,4.0,2.0,0.0,12803.0,1.0,0.0,0.0,0.0,0.0,0.0,6.0,0.0,5.0,0.0,2.0,10.0,0.0,0.0,0.0,1.0,2.0,1.0,0.0,0.0,0.0,1.0,0.0,0.0,0.0,0.0,1.0,0.0,6.0,0.0,0.0,0.0,0.0,166.0,0.0,170.0,10.0,1.0,2.0,11.0,380.0,0.0,322.0,6.0,28.0,1.0,8.0,43.0,13.0,70.0,107.0,323.0,1.0,159.0,99.0,6.0,76.0,18.0,3.0,14.0,124.0,119.0,98.0,8.0,1.0,67.0,5.0,11.0,72.0,116.0,61.0,25.0,45.0,50.0,27.0,20.0,50.0,152.0,148.0,3.0,179.0,5.0,34.0,24.0,233.0,5.0,286.0,51.0,61.0,49.0,0.0,10.0,58.0,45.0,16.0,51.0,0.0,24.0,10.0,74.0,111.0,99.0,103.0,130.0,231.0,144.0,144.0,16.0,56.0,97.0,30.0,46.0,82.0,229.0,48.0,36.0,145.0,80.0,1.0,2.0,126.0,25.0,50.0,1.0,45.0,71.0,114.0,63.0,1.0,53.0,67.0,112.0,126.0,72.0,58.0,93.0,11.0,23.0,2.0,57.0,0.0,100.0,2.0,12.0,104.0,204.0,121.0,76.0,0.0,68.0,128.0,2.0,91.0,1.0,529.0,88.0,1.0,2.0,23.0,3.0,53.0,101.0,83.0,216.0,73.0,72.0,108.0,15.0,103.0,1.0,85.0,4.0,2.0,1.0,47.0,1.0,131.0,111.0,39.0,60.0,11.0,0.0,263.0,44.0,59.0,132.0,48.0,178.0,62.0,95.0,17.0,117.0,3.0,52.0,7.0,79.0,100.0,0.0,5.0,4.0,3.0,35.0,1.0,127.0,74.0,179.0,73.0,1.0,74.0,93.0,56.0,80.0,1.0,38.0,1.0,5.0,4.0,0.0,5.0,232.0,46.0,15.0,2.0,13.0,2.0,1.0
2020-04-18,5.0,0.0,4.0,2.0,0.0,13372.0,1.0,0.0,1.0,0.0,0.0,0.0,6.0,0.0,5.0,0.0,2.0,10.0,0.0,0.0,0.0,1.0,2.0,1.0,0.0,0.0,0.0,1.0,0.0,0.0,0.0,0.0,1.0,0.0,6.0,0.0,0.0,0.0,0.0,175.0,0.0,176.0,13.0,1.0,3.0,11.0,388.0,0.0,328.0,7.0,30.0,1.0,8.0,44.0,14.0,73.0,110.0,329.0,1.0,165.0,99.0,6.0,80.0,19.0,3.0,15.0,130.0,121.0,104.0,10.0,1.0,74.0,5.0,12.0,75.0,122.0,69.0,27.0,49.0,54.0,29.0,22.0,50.0,160.0,155.0,3.0,184.0,5.0,37.0,26.0,244.0,5.0,297.0,51.0,61.0,50.0,1.0,10.0,63.0,48.0,18.0,53.0,0.0,24.0,10.0,77.0,117.0,105.0,107.0,133.0,242.0,149.0,151.0,16.0,58.0,107.0,32.0,50.0,87.0,236.0,49.0,38.0,152.0,82.0,2.0,2.0,128.0,25.0,51.0,1.0,49.0,76.0,118.0,68.0,1.0,55.0,69.0,113.0,132.0,73.0,59.0,97.0,14.0,24.0,2.0,60.0,0.0,107.0,2.0,12.0,106.0,207.0,125.0,81.0,0.0,69.0,137.0,2.0,100.0,1.0,549.0,93.0,1.0,2.0,23.0,3.0,57.0,104.0,91.0,231.0,75.0,76.0,114.0,16.0,110.0,1.0,88.0,4.0,2.0,1.0,48.0,1.0,135.0,112.0,43.0,66.0,11.0,0.0,273.0,50.0,61.0,139.0,50.0,183.0,64.0,102.0,17.0,119.0,4.0,54.0,7.0,83.0,112.0,0.0,5.0,5.0,3.0,38.0,1.0,135.0,75.0,186.0,78.0,1.0,77.0,100.0,59.0,88.0,1.0,42.0,1.0,6.0,5.0,0.0,6.0,239.0,47.0,15.0,2.0,13.0,2.0,1.0
2020-04-19,5.0,0.0,4.0,2.0,0.0,13894.0,1.0,0.0,1.0,0.0,0.0,0.0,6.0,0.0,5.0,0.0,2.0,10.0,0.0,0.0,0.0,1.0,2.0,1.0,0.0,0.0,0.0,1.0,0.0,0.0,0.0,0.0,1.0,0.0,6.0,0.0,0.0,0.0,0.0,183.0,0.0,182.0,13.0,1.0,3.0,13.0,402.0,0.0,334.0,7.0,31.0,1.0,8.0,48.0,15.0,80.0,111.0,337.0,2.0,171.0,101.0,7.0,81.0,21.0,3.0,16.0,134.0,125.0,106.0,10.0,1.0,76.0,5.0,12.0,78.0,129.0,70.0,28.0,52.0,57.0,30.0,23.0,54.0,167.0,161.0,6.0,186.0,5.0,38.0,26.0,256.0,5.0,306.0,54.0,63.0,51.0,1.0,12.0,64.0,52.0,18.0,55.0,1.0,25.0,10.0,83.0,121.0,108.0,108.0,135.0,250.0,152.0,156.0,17.0,62.0,113.0,35.0,52.0,91.0,245.0,50.0,41.0,156.0,84.0,2.0,2.0,130.0,26.0,54.0,1.0,50.0,79.0,122.0,69.0,1.0,58.0,70.0,118.0,138.0,77.0,64.0,102.0,15.0,24.0,2.0,62.0,0.0,112.0,2.0,12.0,110.0,212.0,131.0,84.0,0.0,74.0,147.0,2.0,105.0,1.0,568.0,95.0,1.0,2.0,25.0,4.0,57.0,111.0,92.0,241.0,78.0,85.0,121.0,18.0,120.0,1.0,89.0,5.0,2.0,1.0,51.0,1.0,137.0,115.0,44.0,68.0,11.0,1.0,276.0,53.0,64.0,141.0,50.0,197.0,66.0,106.0,18.0,123.0,4.0,56.0,7.0,85.0,116.0,0.0,5.0,5.0,3.0,39.0,1.0,148.0,80.0,193.0,80.0,1.0,81.0,107.0,64.0,89.0,5.0,42.0,1.0,6.0,5.0,0.0,6.0,248.0,51.0,16.0,2.0,15.0,2.0,1.0
2020-04-20,5.0,0.0,4.0,2.0,0.0,14456.0,2.0,0.0,1.0,0.0,0.0,0.0,6.0,0.0,5.0,0.0,3.0,10.0,0.0,0.0,0.0,1.0,2.0,1.0,0.0,0.0,0.0,1.0,0.0,1.0,0.0,0.0,1.0,0.0,7.0,0.0,0.0,0.0,0.0,192.0,0.0,193.0,14.0,1.0,3.0,15.0,414.0,0.0,343.0,8.0,36.0,1.0,9.0,50.0,16.0,88.0,117.0,345.0,2.0,171.0,104.0,9.0,84.0,21.0,3.0,16.0,137.0,129.0,108.0,11.0,1.0,79.0,5.0,12.0,83.0,133.0,75.0,30.0,53.0,60.0,31.0,24.0,56.0,171.0,168.0,6.0,194.0,7.0,40.0,27.0,262.0,5.0,315.0,55.0,68.0,53.0,1.0,12.0,64.0,53.0,18.0,58.0,1.0,26.0,10.0,89.0,129.0,117.0,112.0,137.0,260.0,157.0,157.0,18.0,66.0,119.0,42.0,56.0,94.0,249.0,53.0,41.0,157.0,84.0,2.0,2.0,135.0,26.0,54.0,1.0,54.0,82.0,125.0,72.0,1.0,60.0,75.0,123.0,146.0,77.0,71.0,109.0,15.0,26.0,2.0,64.0,0.0,114.0,2.0,14.0,115.0,215.0,136.0,88.0,0.0,78.0,157.0,2.0,109.0,1.0,582.0,97.0,1.0,2.0,26.0,5.0,59.0,116.0,95.0,252.0,83.0,89.0,130.0,20.0,123.0,1.0,91.0,5.0,2.0,1.0,53.0,1.0,142.0,121.0,48.0,72.0,11.0,1.0,290.0,59.0,70.0,148.0,52.0,207.0,71.0,110.0,18.0,125.0,5.0,58.0,9.0,87.0,128.0,0.0,5.0,5.0,3.0,40.0,1.0,158.0,81.0,199.0,83.0,1.0,87.0,112.0,68.0,92.0,5.0,42.0,1.0,6.0,5.0,0.0,6.0,256.0,53.0,17.0,2.0,17.0,2.0,1.0
2020-04-21,5.0,0.0,4.0,2.0,0.0,14938.0,2.0,0.0,1.0,0.0,0.0,0.0,6.0,0.0,6.0,0.0,3.0,10.0,0.0,0.0,1.0,1.0,2.0,1.0,0.0,0.0,0.0,1.0,0.0,1.0,1.0,0.0,1.0,0.0,7.0,0.0,0.0,0.0,0.0,200.0,0.0,201.0,16.0,1.0,4.0,15.0,426.0,0.0,349.0,8.0,38.0,1.0,10.0,53.0,16.0,90.0,121.0,353.0,2.0,175.0,107.0,9.0,86.0,21.0,3.0,16.0,141.0,134.0,111.0,12.0,1.0,80.0,5.0,12.0,88.0,143.0,82.0,32.0,55.0,64.0,31.0,24.0,61.0,174.0,177.0,8.0,203.0,7.0,43.0,27.0,268.0,5.0,319.0,57.0,74.0,53.0,1.0,14.0,70.0,54.0,20.0,61.0,1.0,26.0,10.0,92.0,136.0,117.0,114.0,144.0,267.0,159.0,163.0,19.0,70.0,129.0,44.0,56.0,97.0,254.0,54.0,46.0,163.0,84.0,2.0,2.0,137.0,26.0,57.0,1.0,57.0,85.0,129.0,78.0,1.0,63.0,75.0,125.0,150.0,80.0,75.0,112.0,15.0,27.0,2.0,68.0,0.0,117.0,2.0,14.0,118.0,218.0,136.0,90.0,0.0,81.0,165.0,2.0,110.0,2.0,594.0,103.0,1.0,2.0,28.0,5.0,59.0,120.0,98.0,262.0,86.0,91.0,133.0,21.0,125.0,1.0,95.0,5.0,2.0,1.0,57.0,1.0,147.0,127.0,50.0,75.0,11.0,2.0,298.0,62.0,71.0,151.0,55.0,217.0,75.0,116.0,18.0,129.0,5.0,61.0,10.0,89.0,131.0,0.0,5.0,5.0,3.0,41.0,1.0,160.0,86.0,202.0,85.0,2.0,92.0,118.0,69.0,94.0,6.0,44.0,1.0,6.0,5.0,0.0,6.0,264.0,54.0,19.0,2.0,17.0,2.0,1.0
2020-04-22,5.0,0.0,4.0,2.0,0.0,15436.0,2.0,0.0,1.0,0.0,0.0,0.0,6.0,0.0,6.0,0.0,3.0,10.0,0.0,0.0,2.0,1.0,2.0,1.0,0.0,0.0,0.0,1.0,0.0,1.0,1.0,0.0,1.0,0.0,7.0,0.0,0.0,0.0,0.0,207.0,1.0,208.0,16.0,1.0,4.0,16.0,436.0,1.0,363.0,8.0,41.0,1.0,10.0,54.0,16.0,94.0,126.0,360.0,2.0,176.0,109.0,12.0,91.0,21.0,3.0,17.0,144.0,135.0,119.0,14.0,2.0,83.0,5.0,12.0,90.0,148.0,88.0,32.0,58.0,64.0,31.0,25.0,61.0,181.0,183.0,9.0,209.0,7.0,43.0,28.0,283.0,6.0,326.0,62.0,74.0,54.0,1.0,14.0,78.0,57.0,22.0,67.0,4.0,26.0,10.0,96.0,143.0,120.0,117.0,146.0,271.0,164.0,165.0,20.0,70.0,134.0,51.0,57.0,101.0,270.0,55.0,47.0,166.0,84.0,2.0,2.0,142.0,26.0,60.0,1.0,60.0,88.0,130.0,80.0,1.0,64.0,78.0,127.0,154.0,83.0,76.0,117.0,15.0,29.0,3.0,72.0,0.0,122.0,2.0,15.0,121.0,221.0,139.0,90.0,0.0,82.0,170.0,2.0,117.0,2.0,610.0,107.0,1.0,3.0,30.0,5.0,60.0,124.0,100.0,265.0,88.0,93.0,136.0,22.0,129.0,1.0,96.0,5.0,2.0,1.0,62.0,1.0,154.0,135.0,53.0,84.0,11.0,2.0,303.0,66.0,73.0,160.0,57.0,226.0,77.0,118.0,18.0,132.0,5.0,62.0,10.0,92.0,136.0,0.0,5.0,6.0,3.0,43.0,1.0,168.0,88.0,206.0,89.0,2.0,93.0,124.0,70.0,98.0,7.0,46.0,1.0,7.0,6.0,0.0,7.0,276.0,55.0,19.0,2.0,17.0,2.0,1.0
2020-04-23,5.0,0.0,4.0,2.0,0.0,15885.0,2.0,0.0,1.0,0.0,0.0,0.0,6.0,1.0,6.0,0.0,3.0,10.0,0.0,0.0,3.0,1.0,2.0,1.0,0.0,0.0,0.0,1.0,0.0,1.0,1.0,0.0,1.0,0.0,7.0,0.0,0.0,0.0,0.0,218.0,1.0,216.0,16.0,1.0,4.0,17.0,444.0,1.0,365.0,8.0,42.0,1.0,11.0,56.0,16.0,96.0,126.0,366.0,2.0,179.0,110.0,13.0,94.0,21.0,3.0,17.0,147.0,140.0,126.0,14.0,2.0,88.0,5.0,12.0,95.0,150.0,93.0,35.0,62.0,67.0,32.0,25.0,66.0,182.0,185.0,9.0,215.0,8.0,45.0,28.0,292.0,6.0,329.0,64.0,76.0,56.0,1.0,14.0,81.0,61.0,22.0,71.0,4.0,26.0,11.0,100.0,147.0,123.0,121.0,151.0,273.0,165.0,171.0,21.0,70.0,142.0,53.0,59.0,106.0,280.0,57.0,48.0,171.0,86.0,2.0,2.0,143.0,27.0,64.0,1.0,63.0,88.0,134.0,81.0,1.0,68.0,80.0,130.0,158.0,86.0,79.0,121.0,15.0,30.0,3.0,74.0,0.0,124.0,2.0,15.0,124.0,230.0,140.0,92.0,0.0,84.0,174.0,2.0,123.0,4.0,628.0,110.0,1.0,3.0,32.0,6.0,63.0,127.0,101.0,275.0,92.0,95.0,144.0,22.0,130.0,1.0,97.0,5.0,2.0,1.0,62.0,1.0,157.0,138.0,57.0,89.0,12.0,2.0,309.0,67.0,76.0,169.0,61.0,235.0,79.0,119.0,18.0,139.0,6.0,63.0,10.0,92.0,142.0,0.0,5.0,6.0,3.0,45.0,1.0,175.0,88.0,209.0,95.0,2.0,99.0,126.0,72.0,102.0,7.0,51.0,1.0,7.0,6.0,0.0,7.0,280.0,56.0,19.0,2.0,21.0,2.0,1.0
2020-04-24,5.0,0.0,4.0,2.0,0.0,16322.0,2.0,0.0,1.0,0.0,0.0,1.0,6.0,1.0,6.0,0.0,3.0,12.0,0.0,0.0,3.0,1.0,2.0,1.0,0.0,0.0,0.0,1.0,0.0,1.0,1.0,0.0,1.0,0.0,7.0,0.0,0.0,0.0,0.0,224.0,1.0,218.0,16.0,1.0,4.0,19.0,447.0,1.0,374.0,8.0,46.0,1.0,11.0,57.0,17.0,101.0,129.0,367.0,2.0,182.0,110.0,14.0,96.0,21.0,3.0,17.0,149.0,142.0,127.0,16.0,2.0,90.0,5.0,12.0,97.0,153.0,98.0,37.0,64.0,73.0,33.0,26.0,68.0,191.0,189.0,9.0,222.0,8.0,45.0,28.0,305.0,6.0,339.0,66.0,86.0,57.0,1.0,15.0,85.0,61.0,25.0,71.0,4.0,27.0,11.0,106.0,150.0,126.0,125.0,158.0,279.0,168.0,174.0,22.0,73.0,146.0,55.0,60.0,106.0,286.0,59.0,50.0,172.0,88.0,2.0,3.0,150.0,27.0,66.0,1.0,66.0,92.0,138.0,84.0,1.0,72.0,87.0,133.0,160.0,87.0,80.0,127.0,16.0,31.0,3.0,78.0,0.0,124.0,2.0,16.0,132.0,231.0,143.0,92.0,0.0,86.0,181.0,2.0,128.0,5.0,636.0,110.0,1.0,3.0,33.0,6.0,64.0,130.0,102.0,285.0,93.0,100.0,149.0,23.0,137.0,1.0,99.0,5.0,2.0,1.0,63.0,1.0,162.0,146.0,58.0,91.0,13.0,3.0,310.0,74.0,77.0,174.0,62.0,241.0,83.0,122.0,18.0,147.0,7.0,65.0,10.0,93.0,145.0,0.0,5.0,6.0,3.0,48.0,1.0,176.0,88.0,214.0,97.0,2.0,107.0,132.0,75.0,104.0,7.0,56.0,1.0,9.0,6.0,0.0,7.0,287.0,57.0,19.0,2.0,21.0,2.0,1.0
2020-04-25,5.0,0.0,4.0,2.0,0.0,16704.0,2.0,0.0,1.0,0.0,0.0,1.0,6.0,1.0,6.0,0.0,4.0,13.0,0.0,0.0,3.0,1.0,2.0,1.0,0.0,0.0,0.0,1.0,0.0,1.0,1.0,0.0,1.0,0.0,7.0,0.0,0.0,0.0,0.0,233.0,1.0,222.0,16.0,1.0,4.0,19.0,452.0,1.0,377.0,8.0,50.0,1.0,11.0,58.0,18.0,104.0,131.0,369.0,3.0,185.0,111.0,16.0,96.0,21.0,3.0,17.0,151.0,143.0,128.0,16.0,3.0,92.0,5.0,12.0,99.0,158.0,101.0,38.0,65.0,76.0,33.0,27.0,69.0,195.0,201.0,9.0,225.0,10.0,46.0,29.0,310.0,6.0,341.0,67.0,89.0,58.0,1.0,15.0,89.0,64.0,25.0,74.0,4.0,27.0,11.0,110.0,160.0,130.0,131.0,159.0,281.0,174.0,177.0,22.0,73.0,149.0,60.0,61.0,110.0,297.0,62.0,52.0,178.0,88.0,2.0,3.0,150.0,29.0,71.0,1.0,68.0,92.0,141.0,86.0,2.0,72.0,91.0,136.0,161.0,89.0,85.0,130.0,16.0,33.0,3.0,79.0,0.0,124.0,2.0,16.0,135.0,232.0,145.0,92.0,0.0,88.0,187.0,2.0,134.0,6.0,647.0,111.0,1.0,3.0,35.0,6.0,67.0,131.0,109.0,294.0,99.0,104.0,153.0,23.0,139.0,1.0,103.0,5.0,2.0,1.0,66.0,1.0,166.0,148.0,60.0,93.0,13.0,3.0,319.0,75.0,77.0,180.0,62.0,246.0,84.0,123.0,18.0,151.0,7.0,68.0,10.0,96.0,149.0,0.0,5.0,6.0,3.0,48.0,1.0,179.0,88.0,216.0,100.0,2.0,114.0,137.0,77.0,105.0,7.0,57.0,1.0,9.0,6.0,0.0,8.0,294.0,59.0,21.0,2.0,23.0,2.0,1.0
2020-04-26,5.0,0.0,5.0,2.0,0.0,17084.0,2.0,0.0,1.0,0.0,0.0,1.0,6.0,1.0,6.0,0.0,4.0,13.0,0.0,0.0,3.0,1.0,2.0,1.0,0.0,0.0,1.0,1.0,0.0,2.0,1.0,0.0,1.0,0.0,7.0,0.0,0.0,0.0,0.0,236.0,1.0,227.0,18.0,1.0,4.0,19.0,459.0,1.0,382.0,9.0,52.0,1.0,11.0,61.0,19.0,115.0,136.0,376.0,3.0,185.0,112.0,16.0,99.0,21.0,4.0,17.0,152.0,145.0,129.0,16.0,3.0,95.0,5.0,14.0,99.0,162.0,105.0,39.0,68.0,83.0,34.0,28.0,69.0,196.0,208.0,9.0,226.0,12.0,46.0,30.0,313.0,6.0,343.0,69.0,94.0,58.0,2.0,15.0,94.0,69.0,26.0,76.0,4.0,29.0,11.0,113.0,163.0,133.0,133.0,161.0,282.0,178.0,181.0,22.0,73.0,153.0,61.0,62.0,112.0,303.0,64.0,54.0,182.0,89.0,2.0,3.0,152.0,31.0,72.0,2.0,70.0,94.0,143.0,88.0,2.0,72.0,92.0,140.0,165.0,91.0,89.0,132.0,16.0,34.0,3.0,80.0,0.0,129.0,2.0,17.0,136.0,235.0,146.0,93.0,0.0,91.0,191.0,3.0,146.0,6.0,661.0,113.0,1.0,3.0,35.0,7.0,67.0,138.0,111.0,306.0,105.0,107.0,159.0,23.0,142.0,1.0,103.0,5.0,2.0,1.0,67.0,1.0,167.0,155.0,61.0,97.0,15.0,3.0,323.0,79.0,81.0,188.0,63.0,252.0,85.0,125.0,18.0,154.0,7.0,71.0,10.0,98.0,152.0,0.0,5.0,7.0,3.0,51.0,1.0,181.0,88.0,219.0,102.0,2.0,115.0,139.0,77.0,110.0,8.0,60.0,1.0,9.0,6.0,0.0,8.0,296.0,61.0,21.0,2.0,23.0,2.0,1.0
2020-04-27,5.0,0.0,5.0,2.0,0.0,17426.0,2.0,0.0,1.0,0.0,0.0,1.0,6.0,2.0,6.0,0.0,6.0,13.0,0.0,0.0,3.0,1.0,2.0,1.0,0.0,0.0,1.0,1.0,0.0,2.0,1.0,0.0,1.0,0.0,7.0,0.0,0.0,0.0,0.0,240.0,1.0,229.0,18.0,1.0,5.0,19.0,464.0,1.0,385.0,10.0,54.0,1.0,12.0,61.0,20.0,117.0,140.0,379.0,3.0,187.0,113.0,17.0,102.0,21.0,4.0,17.0,154.0,145.0,132.0,16.0,4.0,97.0,6.0,15.0,102.0,164.0,110.0,40.0,69.0,84.0,35.0,28.0,69.0,198.0,215.0,9.0,231.0,12.0,46.0,32.0,321.0,6.0,345.0,71.0,95.0,59.0,2.0,15.0,99.0,72.0,27.0,78.0,4.0,29.0,11.0,115.0,166.0,133.0,137.0,165.0,286.0,181.0,184.0,22.0,79.0,155.0,62.0,65.0,114.0,305.0,67.0,54.0,185.0,90.0,2.0,4.0,154.0,31.0,73.0,2.0,73.0,98.0,145.0,89.0,2.0,73.0,96.0,142.0,167.0,92.0,95.0,134.0,16.0,34.0,3.0,87.0,0.0,132.0,2.0,17.0,137.0,237.0,147.0,93.0,0.0,97.0,199.0,3.0,148.0,7.0,672.0,114.0,1.0,3.0,37.0,7.0,68.0,140.0,114.0,310.0,108.0,111.0,161.0,26.0,147.0,1.0,103.0,5.0,2.0,1.0,68.0,1.0,170.0,159.0,62.0,97.0,15.0,3.0,328.0,81.0,82.0,194.0,63.0,257.0,88.0,127.0,18.0,160.0,8.0,75.0,10.0,101.0,158.0,0.0,5.0,7.0,4.0,51.0,1.0,187.0,89.0,223.0,105.0,2.0,118.0,140.0,79.0,113.0,8.0,60.0,1.0,10.0,6.0,0.0,9.0,301.0,63.0,22.0,2.0,23.0,2.0,1.0
2020-04-28,5.0,0.0,5.0,2.0,0.0,17766.0,2.0,0.0,2.0,0.0,0.0,1.0,6.0,2.0,6.0,0.0,6.0,15.0,0.0,0.0,3.0,1.0,2.0,1.0,0.0,0.0,1.0,1.0,0.0,2.0,1.0,0.0,1.0,0.0,7.0,0.0,0.0,0.0,0.0,250.0,1.0,233.0,18.0,1.0,5.0,21.0,466.0,1.0,387.0,10.0,56.0,1.0,15.0,61.0,20.0,119.0,147.0,380.0,3.0,190.0,114.0,19.0,104.0,21.0,4.0,17.0,156.0,148.0,134.0,16.0,4.0,99.0,7.0,16.0,107.0,171.0,115.0,41.0,69.0,86.0,36.0,28.0,70.0,203.0,224.0,10.0,233.0,12.0,46.0,33.0,325.0,6.0,345.0,72.0,98.0,59.0,2.0,16.0,104.0,72.0,32.0,78.0,5.0,29.0,11.0,115.0,167.0,134.0,139.0,167.0,292.0,182.0,187.0,23.0,80.0,159.0,66.0,66.0,116.0,311.0,68.0,56.0,187.0,92.0,2.0,4.0,155.0,31.0,74.0,2.0,74.0,102.0,150.0,89.0,2.0,74.0,100.0,148.0,171.0,92.0,97.0,138.0,16.0,34.0,3.0,96.0,0.0,135.0,2.0,17.0,138.0,239.0,149.0,95.0,0.0,97.0,204.0,4.0,154.0,7.0,680.0,115.0,1.0,3.0,37.0,8.0,71.0,142.0,118.0,314.0,109.0,113.0,165.0,26.0,148.0,1.0,103.0,5.0,2.0,1.0,71.0,1.0,171.0,163.0,63.0,98.0,15.0,3.0,330.0,85.0,86.0,201.0,64.0,260.0,89.0,131.0,18.0,170.0,8.0,77.0,10.0,103.0,163.0,0.0,5.0,7.0,4.0,51.0,1.0,191.0,89.0,225.0,107.0,2.0,120.0,143.0,81.0,116.0,8.0,64.0,1.0,11.0,6.0,0.0,9.0,305.0,66.0,23.0,2.0,23.0,2.0,1.0
2020-04-29,5.0,0.0,5.0,2.0,0.0,18087.0,2.0,0.0,2.0,0.0,0.0,1.0,6.0,2.0,6.0,0.0,6.0,15.0,0.0,0.0,3.0,1.0,2.0,1.0,0.0,0.0,1.0,1.0,0.0,2.0,1.0,0.0,1.0,0.0,7.0,0.0,1.0,0.0,0.0,254.0,1.0,236.0,18.0,1.0,5.0,23.0,469.0,1.0,389.0,10.0,58.0,1.0,15.0,61.0,21.0,124.0,147.0,381.0,3.0,191.0,114.0,20.0,105.0,21.0,4.0,17.0,160.0,151.0,136.0,16.0,4.0,102.0,7.0,16.0,107.0,175.0,121.0,42.0,70.0,88.0,36.0,28.0,72.0,207.0,227.0,10.0,235.0,12.0,49.0,33.0,326.0,6.0,350.0,72.0,105.0,61.0,2.0,16.0,106.0,74.0,34.0,82.0,5.0,30.0,11.0,119.0,170.0,136.0,141.0,167.0,294.0,188.0,189.0,23.0,81.0,166.0,67.0,71.0,119.0,315.0,70.0,58.0,187.0,92.0,2.0,4.0,157.0,32.0,76.0,2.0,74.0,103.0,152.0,91.0,2.0,75.0,103.0,154.0,172.0,93.0,99.0,141.0,17.0,34.0,3.0,99.0,0.0,136.0,2.0,17.0,142.0,242.0,150.0,98.0,0.0,101.0,212.0,4.0,155.0,7.0,687.0,115.0,1.0,3.0,37.0,8.0,74.0,144.0,123.0,320.0,114.0,115.0,167.0,26.0,151.0,1.0,106.0,5.0,2.0,1.0,75.0,1.0,174.0,166.0,66.0,100.0,15.0,3.0,336.0,88.0,87.0,205.0,64.0,261.0,90.0,134.0,18.0,170.0,8.0,82.0,10.0,107.0,166.0,0.0,5.0,7.0,4.0,53.0,1.0,194.0,90.0,227.0,113.0,2.0,126.0,145.0,83.0,119.0,9.0,66.0,1.0,11.0,6.0,1.0,9.0,311.0,70.0,23.0,2.0,24.0,2.0,1.0
2020-04-30,5.0,0.0,5.0,2.0,0.0,18395.0,2.0,0.0,2.0,0.0,0.0,1.0,6.0,2.0,6.0,0.0,6.0,15.0,0.0,0.0,3.0,1.0,2.0,1.0,0.0,0.0,1.0,1.0,0.0,2.0,1.0,0.0,1.0,0.0,7.0,0.0,1.0,0.0,0.0,260.0,1.0,236.0,18.0,2.0,5.0,23.0,473.0,1.0,392.0,10.0,59.0,1.0,15.0,62.0,21.0,127.0,148.0,383.0,3.0,192.0,115.0,20.0,105.0,21.0,4.0,17.0,162.0,154.0,140.0,16.0,4.0,104.0,7.0,17.0,112.0,178.0,124.0,43.0,72.0,91.0,37.0,30.0,73.0,207.0,231.0,10.0,240.0,12.0,49.0,35.0,330.0,6.0,352.0,74.0,108.0,62.0,2.0,16.0,111.0,74.0,35.0,85.0,6.0,31.0,12.0,121.0,174.0,139.0,141.0,168.0,297.0,192.0,195.0,24.0,81.0,168.0,70.0,72.0,124.0,318.0,71.0,58.0,188.0,93.0,2.0,4.0,159.0,32.0,77.0,2.0,74.0,104.0,157.0,92.0,2.0,81.0,104.0,154.0,173.0,97.0,100.0,144.0,17.0,36.0,4.0,99.0,0.0,139.0,2.0,17.0,148.0,243.0,151.0,98.0,0.0,102.0,219.0,4.0,162.0,7.0,689.0,116.0,1.0,4.0,40.0,8.0,75.0,145.0,128.0,328.0,114.0,118.0,169.0,28.0,153.0,1.0,108.0,5.0,2.0,1.0,80.0,1.0,175.0,169.0,68.0,101.0,15.0,3.0,339.0,94.0,89.0,208.0,66.0,266.0,96.0,136.0,18.0,174.0,8.0,83.0,11.0,109.0,172.0,0.0,5.0,7.0,4.0,54.0,1.0,196.0,90.0,232.0,115.0,2.0,128.0,149.0,83.0,125.0,9.0,70.0,1.0,11.0,6.0,1.0,9.0,313.0,71.0,26.0,2.0,24.0,2.0,1.0
2020-05-01,5.0,0.0,5.0,2.0,0.0,18700.0,2.0,1.0,2.0,0.0,0.0,1.0,6.0,2.0,6.0,0.0,6.0,15.0,0.0,0.0,3.0,1.0,2.0,1.0,0.0,0.0,1.0,1.0,0.0,2.0,1.0,0.0,1.0,0.0,7.0,0.0,1.0,0.0,0.0,262.0,1.0,240.0,20.0,2.0,6.0,25.0,477.0,2.0,396.0,10.0,62.0,1.0,15.0,62.0,21.0,129.0,151.0,383.0,3.0,194.0,116.0,21.0,106.0,21.0,4.0,17.0,164.0,156.0,141.0,16.0,4.0,107.0,7.0,17.0,114.0,184.0,130.0,44.0,72.0,95.0,37.0,30.0,74.0,209.0,239.0,10.0,244.0,12.0,50.0,36.0,333.0,7.0,355.0,79.0,108.0,66.0,2.0,16.0,113.0,79.0,36.0,88.0,6.0,31.0,12.0,121.0,181.0,139.0,143.0,170.0,298.0,193.0,195.0,25.0,83.0,174.0,72.0,75.0,125.0,321.0,73.0,58.0,188.0,96.0,2.0,4.0,163.0,32.0,78.0,2.0,75.0,105.0,157.0,95.0,2.0,81.0,108.0,155.0,175.0,98.0,103.0,149.0,17.0,36.0,4.0,99.0,0.0,141.0,2.0,17.0,149.0,244.0,153.0,98.0,0.0,107.0,224.0,4.0,165.0,7.0,699.0,119.0,1.0,4.0,41.0,9.0,77.0,145.0,129.0,333.0,118.0,121.0,174.0,29.0,158.0,1.0,108.0,5.0,2.0,1.0,82.0,1.0,180.0,171.0,69.0,103.0,15.0,3.0,345.0,98.0,90.0,211.0,67.0,270.0,97.0,141.0,19.0,177.0,9.0,84.0,12.0,110.0,176.0,0.0,5.0,7.0,4.0,54.0,1.0,200.0,90.0,234.0,119.0,2.0,130.0,157.0,84.0,126.0,9.0,71.0,1.0,11.0,7.0,1.0,9.0,316.0,73.0,26.0,2.0,24.0,2.0,1.0
2020-05-02,5.0,0.0,5.0,2.0,0.0,18965.0,2.0,1.0,2.0,0.0,0.0,1.0,6.0,2.0,6.0,2.0,6.0,15.0,1.0,0.0,3.0,2.0,2.0,1.0,0.0,0.0,1.0,1.0,0.0,2.0,1.0,0.0,1.0,0.0,7.0,0.0,1.0,0.0,0.0,265.0,1.0,247.0,20.0,2.0,6.0,26.0,482.0,2.0,399.0,10.0,63.0,1.0,15.0,62.0,21.0,133.0,152.0,383.0,3.0,196.0,117.0,21.0,107.0,21.0,4.0,17.0,166.0,156.0,144.0,16.0,4.0,109.0,8.0,17.0,115.0,184.0,136.0,44.0,73.0,97.0,38.0,31.0,74.0,212.0,243.0,10.0,251.0,12.0,50.0,37.0,335.0,7.0,357.0,82.0,110.0,68.0,2.0,17.0,114.0,82.0,37.0,91.0,6.0,31.0,13.0,123.0,186.0,141.0,148.0,171.0,301.0,193.0,196.0,25.0,84.0,180.0,72.0,76.0,127.0,327.0,74.0,58.0,189.0,97.0,2.0,5.0,163.0,33.0,82.0,4.0,76.0,110.0,157.0,96.0,2.0,81.0,111.0,155.0,176.0,99.0,105.0,153.0,17.0,37.0,4.0,105.0,0.0,142.0,2.0,18.0,150.0,244.0,154.0,99.0,0.0,108.0,227.0,4.0,173.0,7.0,701.0,121.0,1.0,4.0,43.0,10.0,78.0,146.0,130.0,337.0,120.0,123.0,177.0,29.0,160.0,1.0,108.0,5.0,2.0,1.0,84.0,1.0,182.0,175.0,70.0,105.0,15.0,3.0,349.0,100.0,92.0,216.0,67.0,274.0,97.0,148.0,19.0,179.0,9.0,85.0,12.0,110.0,177.0,0.0,5.0,7.0,4.0,54.0,1.0,202.0,92.0,236.0,124.0,2.0,133.0,157.0,84.0,131.0,9.0,72.0,1.0,11.0,7.0,1.0,9.0,320.0,73.0,28.0,2.0,24.0,2.0,1.0
2020-05-03,5.0,0.0,5.0,2.0,0.0,19215.0,2.0,1.0,2.0,0.0,0.0,1.0,6.0,2.0,6.0,2.0,6.0,15.0,4.0,0.0,3.0,3.0,2.0,1.0,0.0,0.0,1.0,1.0,0.0,2.0,1.0,0.0,1.0,0.0,7.0,0.0,1.0,0.0,0.0,268.0,1.0,251.0,20.0,2.0,7.0,26.0,483.0,2.0,403.0,11.0,64.0,1.0,15.0,63.0,21.0,135.0,154.0,384.0,3.0,197.0,117.0,22.0,110.0,21.0,4.0,17.0,167.0,161.0,147.0,16.0,4.0,115.0,9.0,17.0,117.0,185.0,142.0,45.0,73.0,98.0,39.0,32.0,75.0,215.0,246.0,10.0,254.0,12.0,51.0,37.0,341.0,7.0,360.0,83.0,112.0,69.0,2.0,17.0,118.0,84.0,38.0,91.0,6.0,31.0,13.0,124.0,187.0,143.0,148.0,171.0,302.0,194.0,199.0,25.0,85.0,184.0,75.0,76.0,128.0,331.0,77.0,58.0,189.0,98.0,2.0,5.0,164.0,33.0,84.0,4.0,80.0,111.0,164.0,98.0,2.0,82.0,113.0,155.0,179.0,99.0,106.0,161.0,17.0,37.0,4.0,107.0,0.0,143.0,2.0,18.0,151.0,245.0,154.0,100.0,0.0,109.0,230.0,4.0,177.0,7.0,708.0,124.0,1.0,4.0,44.0,10.0,79.0,149.0,131.0,340.0,121.0,123.0,178.0,29.0,162.0,1.0,110.0,5.0,2.0,1.0,86.0,1.0,184.0,179.0,72.0,105.0,15.0,3.0,353.0,102.0,93.0,219.0,67.0,279.0,102.0,149.0,19.0,181.0,9.0,85.0,12.0,111.0,180.0,0.0,6.0,7.0,4.0,55.0,1.0,204.0,92.0,237.0,127.0,2.0,136.0,159.0,84.0,134.0,9.0,76.0,1.0,11.0,7.0,2.0,9.0,324.0,73.0,29.0,2.0,24.0,2.0,1.0
2020-05-04,5.0,0.0,5.0,2.0,0.0,19472.0,2.0,1.0,2.0,0.0,0.0,1.0,6.0,2.0,6.0,2.0,6.0,15.0,4.0,0.0,3.0,3.0,2.0,1.0,0.0,0.0,1.0,1.0,0.0,2.0,1.0,0.0,1.0,0.0,7.0,0.0,1.0,0.0,0.0,272.0,1.0,253.0,21.0,2.0,7.0,26.0,486.0,2.0,407.0,11.0,64.0,1.0,16.0,65.0,22.0,137.0,156.0,385.0,3.0,197.0,117.0,22.0,111.0,21.0,4.0,17.0,169.0,163.0,150.0,17.0,4.0,119.0,9.0,18.0,117.0,187.0,145.0,46.0,74.0,101.0,39.0,33.0,75.0,215.0,249.0,11.0,255.0,12.0,53.0,37.0,344.0,7.0,365.0,83.0,115.0,73.0,2.0,17.0,120.0,84.0,39.0,91.0,6.0,32.0,13.0,130.0,190.0,145.0,151.0,173.0,305.0,196.0,199.0,25.0,86.0,192.0,77.0,78.0,131.0,334.0,78.0,58.0,191.0,98.0,2.0,5.0,167.0,33.0,85.0,4.0,81.0,112.0,168.0,101.0,2.0,84.0,115.0,157.0,180.0,100.0,108.0,167.0,17.0,37.0,4.0,110.0,0.0,143.0,2.0,18.0,152.0,246.0,154.0,101.0,0.0,111.0,233.0,4.0,179.0,7.0,718.0,124.0,1.0,4.0,44.0,10.0,80.0,152.0,136.0,344.0,123.0,124.0,178.0,29.0,164.0,1.0,110.0,5.0,2.0,1.0,88.0,1.0,185.0,186.0,72.0,105.0,15.0,3.0,354.0,103.0,95.0,223.0,68.0,282.0,102.0,152.0,19.0,185.0,9.0,87.0,12.0,114.0,181.0,0.0,6.0,7.0,4.0,55.0,1.0,209.0,94.0,239.0,129.0,2.0,139.0,165.0,88.0,139.0,9.0,78.0,1.0,12.0,7.0,2.0,9.0,326.0,73.0,29.0,2.0,25.0,2.0,1.0
2020-05-05,5.0,0.0,5.0,2.0,0.0,19721.0,2.0,1.0,2.0,0.0,0.0,1.0,6.0,2.0,6.0,2.0,6.0,15.0,4.0,0.0,3.0,3.0,2.0,1.0,0.0,0.0,1.0,1.0,0.0,2.0,1.0,0.0,1.0,0.0,7.0,0.0,1.0,0.0,0.0,279.0,1.0,255.0,21.0,2.0,7.0,27.0,486.0,3.0,411.0,11.0,64.0,1.0,16.0,68.0,22.0,140.0,163.0,385.0,3.0,197.0,117.0,22.0,113.0,21.0,4.0,17.0,171.0,165.0,151.0,17.0,4.0,122.0,9.0,18.0,121.0,188.0,149.0,46.0,77.0,103.0,39.0,36.0,75.0,216.0,252.0,11.0,259.0,12.0,53.0,37.0,348.0,8.0,368.0,85.0,116.0,77.0,2.0,18.0,121.0,85.0,39.0,95.0,6.0,32.0,13.0,131.0,192.0,145.0,151.0,175.0,305.0,198.0,200.0,25.0,86.0,197.0,80.0,79.0,133.0,336.0,79.0,60.0,193.0,100.0,2.0,5.0,167.0,35.0,87.0,4.0,82.0,114.0,170.0,103.0,2.0,85.0,116.0,157.0,180.0,101.0,110.0,170.0,17.0,37.0,4.0,110.0,0.0,143.0,2.0,18.0,153.0,247.0,154.0,102.0,0.0,111.0,236.0,4.0,181.0,7.0,728.0,124.0,1.0,4.0,44.0,11.0,81.0,155.0,138.0,348.0,128.0,127.0,179.0,29.0,167.0,1.0,112.0,5.0,2.0,1.0,90.0,1.0,187.0,190.0,72.0,107.0,15.0,3.0,356.0,104.0,96.0,228.0,71.0,288.0,104.0,154.0,19.0,186.0,9.0,89.0,12.0,114.0,185.0,0.0,6.0,7.0,4.0,56.0,1.0,214.0,95.0,239.0,131.0,2.0,144.0,169.0,90.0,141.0,9.0,86.0,1.0,12.0,7.0,3.0,9.0,328.0,74.0,29.0,2.0,26.0,2.0,1.0
2020-05-06,5.0,0.0,5.0,2.0,0.0,19981.0,2.0,1.0,2.0,0.0,0.0,1.0,6.0,2.0,6.0,2.0,6.0,15.0,4.0,0.0,3.0,3.0,2.0,1.0,0.0,0.0,1.0,1.0,0.0,2.0,1.0,0.0,1.0,0.0,7.0,0.0,1.0,0.0,0.0,287.0,1.0,257.0,21.0,2.0,7.0,27.0,490.0,3.0,415.0,11.0,64.0,1.0,16.0,72.0,22.0,142.0,165.0,387.0,3.0,199.0,117.0,23.0,113.0,21.0,4.0,17.0,173.0,166.0,154.0,18.0,4.0,126.0,9.0,18.0,125.0,189.0,151.0,46.0,78.0,107.0,39.0,37.0,75.0,216.0,257.0,11.0,260.0,12.0,54.0,37.0,350.0,8.0,373.0,90.0,118.0,78.0,2.0,19.0,123.0,86.0,42.0,97.0,8.0,33.0,13.0,133.0,196.0,145.0,153.0,178.0,306.0,200.0,203.0,25.0,87.0,203.0,80.0,80.0,133.0,339.0,79.0,62.0,199.0,100.0,2.0,5.0,167.0,37.0,88.0,4.0,82.0,115.0,173.0,103.0,2.0,86.0,116.0,157.0,180.0,104.0,114.0,171.0,18.0,37.0,4.0,112.0,0.0,144.0,2.0,18.0,154.0,248.0,154.0,103.0,0.0,111.0,243.0,5.0,183.0,7.0,735.0,124.0,1.0,4.0,44.0,11.0,83.0,157.0,140.0,355.0,129.0,129.0,179.0,30.0,171.0,1.0,113.0,5.0,2.0,1.0,93.0,1.0,187.0,194.0,75.0,108.0,15.0,3.0,360.0,107.0,98.0,234.0,74.0,290.0,104.0,155.0,20.0,187.0,9.0,89.0,13.0,115.0,188.0,0.0,6.0,7.0,4.0,57.0,1.0,218.0,99.0,242.0,135.0,2.0,146.0,170.0,90.0,146.0,9.0,90.0,1.0,13.0,7.0,3.0,10.0,330.0,75.0,29.0,2.0,27.0,2.0,1.0
2020-05-07,5.0,0.0,5.0,2.0,0.0,20230.0,2.0,1.0,2.0,0.0,0.0,1.0,6.0,2.0,6.0,2.0,6.0,15.0,4.0,0.0,3.0,3.0,2.0,1.0,0.0,0.0,1.0,1.0,0.0,2.0,1.0,0.0,1.0,0.0,7.0,0.0,1.0,0.0,0.0,289.0,1.0,261.0,21.0,2.0,7.0,27.0,490.0,3.0,416.0,11.0,64.0,1.0,16.0,77.0,22.0,142.0,166.0,387.0,3.0,199.0,118.0,25.0,115.0,21.0,4.0,17.0,173.0,167.0,158.0,18.0,4.0,129.0,9.0,18.0,129.0,191.0,160.0,47.0,78.0,112.0,40.0,38.0,75.0,218.0,262.0,11.0,261.0,12.0,55.0,37.0,352.0,9.0,379.0,91.0,122.0,80.0,2.0,19.0,126.0,87.0,43.0,98.0,9.0,34.0,13.0,133.0,198.0,147.0,156.0,182.0,307.0,203.0,205.0,25.0,88.0,207.0,81.0,82.0,135.0,342.0,80.0,63.0,204.0,101.0,2.0,5.0,170.0,37.0,88.0,5.0,82.0,115.0,177.0,107.0,2.0,90.0,117.0,157.0,181.0,107.0,117.0,175.0,18.0,37.0,4.0,114.0,0.0,144.0,2.0,18.0,155.0,251.0,155.0,104.0,0.0,111.0,245.0,5.0,189.0,7.0,742.0,124.0,1.0,4.0,45.0,11.0,84.0,157.0,142.0,358.0,132.0,131.0,179.0,30.0,173.0,1.0,113.0,5.0,2.0,1.0,94.0,1.0,188.0,199.0,75.0,108.0,16.0,3.0,367.0,111.0,98.0,239.0,74.0,293.0,106.0,156.0,20.0,190.0,9.0,90.0,13.0,116.0,188.0,0.0,6.0,7.0,4.0,59.0,1.0,221.0,101.0,245.0,136.0,2.0,150.0,172.0,91.0,148.0,9.0,92.0,1.0,14.0,7.0,3.0,10.0,334.0,76.0,29.0,2.0,28.0,2.0,1.0
2020-05-08,5.0,0.0,5.0,2.0,1.0,20440.0,2.0,1.0,2.0,0.0,0.0,1.0,6.0,2.0,6.0,2.0,6.0,15.0,4.0,0.0,3.0,3.0,2.0,1.0,0.0,0.0,1.0,1.0,0.0,2.0,1.0,0.0,1.0,0.0,7.0,0.0,1.0,0.0,0.0,296.0,1.0,263.0,21.0,2.0,7.0,28.0,493.0,3.0,418.0,12.0,66.0,1.0,16.0,78.0,24.0,145.0,167.0,391.0,3.0,200.0,118.0,26.0,116.0,21.0,4.0,17.0,173.0,168.0,159.0,18.0,4.0,133.0,9.0,18.0,130.0,196.0,165.0,47.0,78.0,114.0,40.0,38.0,75.0,219.0,265.0,11.0,263.0,12.0,55.0,37.0,357.0,10.0,379.0,94.0,122.0,82.0,2.0,19.0,128.0,88.0,45.0,99.0,9.0,34.0,13.0,133.0,198.0,148.0,157.0,183.0,308.0,203.0,206.0,25.0,88.0,209.0,82.0,82.0,135.0,348.0,82.0,63.0,205.0,101.0,2.0,5.0,172.0,38.0,90.0,5.0,87.0,116.0,179.0,109.0,2.0,90.0,119.0,160.0,182.0,109.0,118.0,177.0,18.0,38.0,4.0,118.0,1.0,144.0,2.0,18.0,159.0,253.0,157.0,106.0,0.0,112.0,249.0,5.0,193.0,7.0,744.0,124.0,1.0,4.0,46.0,11.0,84.0,158.0,147.0,359.0,133.0,132.0,181.0,30.0,175.0,1.0,114.0,5.0,2.0,1.0,94.0,1.0,188.0,203.0,78.0,110.0,16.0,3.0,369.0,115.0,99.0,242.0,75.0,294.0,106.0,158.0,20.0,191.0,9.0,93.0,13.0,117.0,192.0,0.0,6.0,7.0,4.0,60.0,1.0,222.0,102.0,250.0,138.0,2.0,151.0,173.0,92.0,149.0,9.0,92.0,1.0,15.0,7.0,3.0,10.0,336.0,76.0,29.0,2.0,29.0,2.0,1.0
2020-05-09,5.0,0.0,5.0,2.0,1.0,20639.0,2.0,1.0,2.0,0.0,0.0,1.0,6.0,2.0,6.0,2.0,6.0,15.0,4.0,1.0,3.0,3.0,2.0,1.0,0.0,0.0,1.0,1.0,0.0,2.0,1.0,0.0,1.0,0.0,7.0,0.0,1.0,0.0,0.0,297.0,1.0,264.0,21.0,2.0,7.0,28.0,496.0,3.0,420.0,12.0,67.0,1.0,16.0,79.0,25.0,148.0,167.0,392.0,3.0,201.0,118.0,26.0,117.0,21.0,4.0,17.0,173.0,169.0,160.0,18.0,4.0,134.0,9.0,18.0,134.0,202.0,166.0,47.0,80.0,114.0,41.0,38.0,75.0,222.0,268.0,11.0,264.0,12.0,56.0,38.0,358.0,10.0,381.0,95.0,125.0,82.0,2.0,19.0,130.0,88.0,48.0,100.0,9.0,34.0,13.0,136.0,200.0,149.0,158.0,184.0,310.0,206.0,206.0,25.0,88.0,216.0,84.0,82.0,136.0,352.0,82.0,65.0,207.0,101.0,2.0,5.0,174.0,38.0,90.0,5.0,88.0,117.0,179.0,111.0,2.0,92.0,119.0,162.0,183.0,109.0,120.0,179.0,18.0,38.0,4.0,124.0,1.0,144.0,2.0,18.0,159.0,253.0,157.0,108.0,0.0,113.0,252.0,5.0,195.0,7.0,746.0,124.0,1.0,4.0,46.0,11.0,85.0,158.0,149.0,363.0,135.0,133.0,185.0,31.0,177.0,1.0,114.0,5.0,2.0,1.0,94.0,1.0,188.0,210.0,80.0,111.0,16.0,3.0,374.0,120.0,100.0,250.0,77.0,296.0,108.0,158.0,21.0,192.0,9.0,96.0,13.0,118.0,195.0,0.0,7.0,7.0,4.0,60.0,1.0,223.0,103.0,251.0,139.0,2.0,156.0,176.0,93.0,153.0,9.0,93.0,1.0,15.0,7.0,3.0,10.0,336.0,77.0,29.0,2.0,29.0,2.0,1.0
2020-05-10,5.0,0.0,5.0,2.0,1.0,20831.0,2.0,1.0,2.0,0.0,0.0,1.0,6.0,2.0,6.0,2.0,7.0,15.0,4.0,1.0,3.0,3.0,2.0,1.0,0.0,0.0,1.0,1.0,0.0,2.0,1.0,0.0,1.0,0.0,7.0,0.0,1.0,0.0,0.0,300.0,1.0,266.0,21.0,2.0,7.0,28.0,496.0,3.0,421.0,12.0,68.0,1.0,17.0,79.0,25.0,151.0,168.0,394.0,4.0,202.0,118.0,26.0,118.0,21.0,4.0,17.0,173.0,169.0,160.0,18.0,4.0,135.0,11.0,18.0,134.0,204.0,172.0,49.0,81.0,115.0,41.0,38.0,76.0,225.0,272.0,11.0,265.0,12.0,57.0,38.0,360.0,10.0,382.0,96.0,126.0,85.0,2.0,19.0,134.0,90.0,48.0,100.0,10.0,34.0,13.0,137.0,203.0,151.0,159.0,186.0,310.0,208.0,208.0,25.0,88.0,218.0,84.0,84.0,137.0,354.0,84.0,66.0,209.0,101.0,2.0,5.0,174.0,38.0,92.0,5.0,88.0,117.0,179.0,112.0,2.0,92.0,120.0,164.0,184.0,111.0,124.0,180.0,18.0,38.0,4.0,129.0,1.0,144.0,2.0,19.0,160.0,255.0,157.0,109.0,0.0,114.0,254.0,5.0,199.0,10.0,749.0,126.0,1.0,4.0,47.0,11.0,85.0,158.0,152.0,366.0,135.0,133.0,188.0,31.0,179.0,1.0,116.0,5.0,2.0,1.0,95.0,1.0,188.0,212.0,80.0,111.0,16.0,3.0,382.0,121.0,100.0,257.0,78.0,297.0,110.0,160.0,21.0,195.0,9.0,97.0,13.0,120.0,196.0,0.0,7.0,7.0,4.0,61.0,1.0,224.0,104.0,255.0,143.0,2.0,161.0,177.0,94.0,155.0,9.0,93.0,1.0,15.0,7.0,3.0,10.0,338.0,77.0,29.0,3.0,30.0,2.0,1.0
2020-05-11,5.0,0.0,5.0,2.0,1.0,20992.0,2.0,1.0,2.0,0.0,0.0,1.0,6.0,2.0,6.0,2.0,7.0,15.0,4.0,1.0,3.0,3.0,2.0,1.0,0.0,0.0,1.0,1.0,0.0,2.0,1.0,0.0,1.0,0.0,7.0,0.0,1.0,0.0,0.0,302.0,1.0,266.0,21.0,2.0,7.0,29.0,498.0,3.0,421.0,12.0,70.0,1.0,17.0,80.0,25.0,157.0,168.0,396.0,4.0,203.0,118.0,26.0,119.0,21.0,4.0,17.0,174.0,171.0,160.0,18.0,4.0,136.0,11.0,18.0,135.0,204.0,176.0,50.0,82.0,115.0,41.0,38.0,78.0,226.0,274.0,11.0,267.0,12.0,57.0,38.0,360.0,10.0,383.0,97.0,127.0,87.0,2.0,19.0,138.0,90.0,48.0,101.0,11.0,34.0,13.0,137.0,204.0,153.0,162.0,186.0,313.0,210.0,208.0,25.0,89.0,220.0,84.0,87.0,137.0,355.0,85.0,67.0,209.0,102.0,2.0,5.0,174.0,39.0,92.0,5.0,88.0,117.0,181.0,113.0,2.0,92.0,121.0,164.0,184.0,113.0,127.0,182.0,18.0,39.0,4.0,130.0,1.0,147.0,2.0,19.0,162.0,255.0,160.0,110.0,0.0,115.0,254.0,5.0,205.0,10.0,753.0,127.0,1.0,4.0,47.0,13.0,86.0,160.0,153.0,367.0,135.0,134.0,189.0,31.0,179.0,1.0,116.0,5.0,2.0,1.0,96.0,1.0,189.0,213.0,82.0,112.0,16.0,3.0,386.0,124.0,101.0,261.0,79.0,297.0,110.0,160.0,21.0,196.0,9.0,102.0,15.0,120.0,197.0,0.0,7.0,7.0,4.0,62.0,1.0,225.0,105.0,257.0,146.0,2.0,164.0,179.0,95.0,156.0,9.0,95.0,1.0,17.0,7.0,3.0,11.0,338.0,78.0,29.0,3.0,30.0,2.0,1.0
2020-05-12,5.0,0.0,5.0,2.0,1.0,21174.0,2.0,1.0,2.0,0.0,0.0,1.0,6.0,2.0,6.0,2.0,7.0,15.0,4.0,1.0,3.0,3.0,2.0,1.0,0.0,0.0,1.0,1.0,0.0,2.0,1.0,0.0,1.0,0.0,7.0,0.0,2.0,0.0,0.0,304.0,1.0,267.0,21.0,2.0,7.0,29.0,501.0,3.0,423.0,12.0,71.0,1.0,18.0,83.0,25.0,159.0,171.0,397.0,4.0,203.0,119.0,26.0,119.0,21.0,4.0,17.0,176.0,171.0,162.0,18.0,4.0,138.0,11.0,18.0,137.0,206.0,177.0,50.0,82.0,117.0,42.0,38.0,78.0,227.0,275.0,11.0,268.0,13.0,57.0,38.0,362.0,10.0,384.0,98.0,127.0,91.0,2.0,19.0,141.0,91.0,48.0,102.0,11.0,34.0,13.0,139.0,205.0,154.0,164.0,186.0,314.0,211.0,208.0,25.0,89.0,222.0,84.0,93.0,138.0,355.0,86.0,67.0,210.0,102.0,2.0,5.0,174.0,41.0,93.0,5.0,89.0,119.0,183.0,117.0,2.0,92.0,123.0,164.0,187.0,114.0,130.0,184.0,18.0,39.0,4.0,135.0,1.0,147.0,2.0,19.0,163.0,258.0,160.0,110.0,0.0,115.0,254.0,5.0,206.0,10.0,756.0,128.0,1.0,4.0,47.0,13.0,89.0,161.0,153.0,370.0,138.0,134.0,191.0,31.0,180.0,1.0,117.0,5.0,2.0,1.0,96.0,1.0,190.0,218.0,83.0,114.0,16.0,3.0,388.0,127.0,103.0,268.0,80.0,297.0,113.0,165.0,21.0,197.0,9.0,103.0,15.0,122.0,198.0,0.0,7.0,7.0,4.0,64.0,1.0,228.0,108.0,261.0,148.0,2.0,164.0,181.0,95.0,156.0,9.0,98.0,1.0,17.0,7.0,3.0,11.0,340.0,79.0,29.0,3.0,31.0,2.0,1.0
2020-05-13,5.0,0.0,5.0,2.0,1.0,21332.0,2.0,1.0,2.0,0.0,0.0,1.0,6.0,2.0,6.0,2.0,7.0,15.0,5.0,1.0,3.0,3.0,2.0,1.0,0.0,0.0,1.0,1.0,0.0,2.0,1.0,0.0,1.0,0.0,7.0,0.0,2.0,0.0,0.0,308.0,1.0,268.0,21.0,2.0,7.0,29.0,501.0,3.0,424.0,12.0,72.0,1.0,18.0,85.0,25.0,160.0,174.0,398.0,4.0,203.0,120.0,26.0,120.0,21.0,4.0,17.0,176.0,171.0,162.0,18.0,4.0,140.0,11.0,18.0,137.0,207.0,178.0,50.0,84.0,119.0,42.0,38.0,79.0,227.0,276.0,11.0,271.0,13.0,57.0,38.0,367.0,10.0,385.0,98.0,128.0,92.0,2.0,19.0,145.0,92.0,50.0,104.0,11.0,34.0,13.0,140.0,208.0,154.0,164.0,188.0,316.0,213.0,209.0,25.0,90.0,226.0,84.0,95.0,139.0,357.0,86.0,67.0,210.0,102.0,2.0,5.0,175.0,41.0,95.0,5.0,91.0,119.0,183.0,118.0,2.0,97.0,123.0,165.0,187.0,115.0,130.0,187.0,18.0,39.0,4.0,141.0,1.0,148.0,2.0,19.0,163.0,258.0,161.0,110.0,0.0,115.0,257.0,5.0,207.0,11.0,763.0,128.0,1.0,4.0,47.0,13.0,90.0,161.0,154.0,374.0,138.0,134.0,194.0,31.0,181.0,1.0,117.0,5.0,2.0,1.0,96.0,1.0,191.0,222.0,84.0,115.0,16.0,3.0,389.0,128.0,104.0,274.0,81.0,300.0,114.0,165.0,21.0,199.0,9.0,103.0,15.0,122.0,199.0,0.0,7.0,7.0,4.0,65.0,1.0,232.0,108.0,264.0,150.0,2.0,166.0,181.0,96.0,158.0,9.0,99.0,1.0,19.0,7.0,3.0,11.0,341.0,80.0,29.0,3.0,31.0,2.0,1.0
2020-05-14,5.0,0.0,5.0,2.0,1.0,21505.0,2.0,1.0,2.0,0.0,0.0,1.0,6.0,2.0,6.0,2.0,7.0,15.0,5.0,1.0,3.0,3.0,2.0,1.0,0.0,0.0,1.0,1.0,0.0,2.0,1.0,0.0,1.0,0.0,7.0,0.0,2.0,0.0,0.0,312.0,1.0,269.0,21.0,2.0,9.0,29.0,503.0,3.0,426.0,12.0,74.0,1.0,18.0,87.0,25.0,160.0,176.0,399.0,4.0,204.0,120.0,26.0,120.0,21.0,4.0,17.0,176.0,171.0,163.0,18.0,4.0,142.0,11.0,18.0,141.0,208.0,179.0,51.0,84.0,119.0,42.0,38.0,79.0,228.0,279.0,11.0,276.0,13.0,57.0,38.0,368.0,10.0,385.0,100.0,130.0,93.0,3.0,19.0,151.0,93.0,52.0,105.0,11.0,34.0,13.0,144.0,211.0,155.0,164.0,189.0,318.0,216.0,209.0,26.0,91.0,231.0,85.0,96.0,142.0,361.0,88.0,68.0,212.0,102.0,2.0,5.0,175.0,41.0,96.0,5.0,92.0,119.0,185.0,119.0,2.0,97.0,123.0,165.0,187.0,116.0,131.0,192.0,18.0,40.0,4.0,142.0,1.0,149.0,2.0,19.0,163.0,258.0,162.0,110.0,0.0,117.0,259.0,5.0,207.0,11.0,766.0,129.0,1.0,4.0,47.0,13.0,90.0,161.0,156.0,375.0,140.0,137.0,196.0,32.0,182.0,1.0,117.0,5.0,2.0,1.0,96.0,1.0,192.0,223.0,86.0,115.0,17.0,3.0,392.0,130.0,105.0,275.0,82.0,300.0,116.0,166.0,22.0,201.0,9.0,105.0,15.0,122.0,199.0,0.0,7.0,7.0,4.0,67.0,1.0,234.0,110.0,266.0,152.0,2.0,167.0,184.0,97.0,160.0,9.0,102.0,1.0,20.0,7.0,3.0,11.0,342.0,82.0,30.0,3.0,32.0,2.0,1.0
2020-05-15,5.0,0.0,5.0,2.0,1.0,21672.0,2.0,1.0,2.0,0.0,0.0,1.0,6.0,3.0,6.0,2.0,7.0,15.0,5.0,1.0,3.0,3.0,2.0,1.0,0.0,0.0,1.0,1.0,0.0,2.0,1.0,0.0,1.0,0.0,7.0,0.0,2.0,0.0,0.0,315.0,1.0,271.0,21.0,2.0,9.0,30.0,505.0,3.0,427.0,12.0,74.0,1.0,18.0,87.0,25.0,161.0,176.0,399.0,4.0,204.0,120.0,27.0,120.0,21.0,4.0,17.0,178.0,173.0,165.0,18.0,4.0,145.0,11.0,18.0,142.0,211.0,182.0,51.0,86.0,121.0,42.0,38.0,79.0,228.0,280.0,11.0,278.0,13.0,57.0,39.0,372.0,10.0,386.0,100.0,135.0,95.0,3.0,19.0,154.0,94.0,53.0,107.0,11.0,34.0,13.0,145.0,212.0,158.0,165.0,190.0,319.0,219.0,209.0,26.0,92.0,235.0,86.0,98.0,142.0,364.0,88.0,68.0,214.0,102.0,2.0,5.0,175.0,42.0,97.0,5.0,92.0,120.0,186.0,121.0,2.0,97.0,124.0,165.0,187.0,117.0,135.0,192.0,18.0,40.0,4.0,143.0,1.0,150.0,2.0,19.0,163.0,258.0,162.0,110.0,0.0,117.0,261.0,5.0,212.0,11.0,773.0,130.0,1.0,4.0,47.0,14.0,91.0,161.0,158.0,378.0,143.0,137.0,198.0,33.0,182.0,1.0,118.0,5.0,2.0,1.0,97.0,1.0,194.0,229.0,86.0,116.0,17.0,3.0,396.0,133.0,107.0,278.0,83.0,302.0,118.0,166.0,23.0,202.0,9.0,105.0,15.0,124.0,200.0,0.0,7.0,7.0,4.0,67.0,1.0,237.0,110.0,268.0,153.0,2.0,168.0,186.0,97.0,160.0,9.0,104.0,1.0,21.0,7.0,3.0,11.0,342.0,83.0,30.0,3.0,32.0,2.0,1.0
2020-05-16,5.0,0.0,5.0,2.0,1.0,21834.0,2.0,1.0,2.0,0.0,0.0,1.0,6.0,3.0,6.0,2.0,7.0,15.0,5.0,2.0,3.0,3.0,2.0,1.0,0.0,0.0,1.0,1.0,0.0,2.0,1.0,0.0,1.0,0.0,7.0,0.0,2.0,0.0,0.0,319.0,2.0,275.0,21.0,2.0,10.0,30.0,509.0,3.0,427.0,12.0,74.0,1.0,18.0,88.0,25.0,166.0,177.0,400.0,4.0,204.0,120.0,27.0,121.0,21.0,4.0,17.0,178.0,174.0,165.0,18.0,4.0,146.0,12.0,20.0,145.0,213.0,183.0,51.0,86.0,123.0,42.0,38.0,79.0,228.0,280.0,11.0,280.0,13.0,57.0,39.0,374.0,10.0,389.0,102.0,136.0,95.0,3.0,19.0,156.0,94.0,56.0,107.0,11.0,34.0,13.0,148.0,215.0,158.0,167.0,190.0,321.0,219.0,210.0,26.0,93.0,238.0,88.0,98.0,142.0,364.0,88.0,68.0,214.0,102.0,2.0,5.0,176.0,42.0,97.0,5.0,93.0,120.0,186.0,126.0,2.0,97.0,126.0,166.0,189.0,118.0,138.0,194.0,18.0,40.0,4.0,145.0,1.0,150.0,2.0,19.0,164.0,258.0,162.0,110.0,0.0,118.0,264.0,5.0,215.0,11.0,779.0,131.0,1.0,4.0,47.0,14.0,91.0,161.0,160.0,381.0,144.0,138.0,198.0,34.0,184.0,1.0,118.0,5.0,2.0,1.0,97.0,1.0,194.0,231.0,87.0,117.0,17.0,3.0,398.0,134.0,108.0,281.0,84.0,308.0,121.0,168.0,23.0,204.0,9.0,107.0,16.0,124.0,202.0,0.0,7.0,7.0,4.0,67.0,1.0,240.0,111.0,268.0,154.0,2.0,171.0,187.0,98.0,161.0,9.0,107.0,1.0,21.0,7.0,3.0,11.0,343.0,85.0,31.0,3.0,32.0,2.0,1.0
2020-05-17,5.0,0.0,5.0,2.0,1.0,21968.0,2.0,1.0,2.0,0.0,0.0,1.0,6.0,3.0,6.0,2.0,7.0,15.0,5.0,2.0,3.0,3.0,2.0,1.0,0.0,0.0,1.0,1.0,0.0,2.0,1.0,0.0,1.0,0.0,7.0,0.0,2.0,0.0,0.0,320.0,2.0,277.0,21.0,2.0,11.0,31.0,513.0,3.0,427.0,12.0,74.0,1.0,18.0,90.0,25.0,169.0,179.0,402.0,4.0,204.0,120.0,27.0,122.0,21.0,4.0,17.0,178.0,174.0,165.0,18.0,4.0,147.0,12.0,20.0,146.0,214.0,184.0,51.0,87.0,125.0,42.0,38.0,79.0,228.0,281.0,11.0,281.0,13.0,57.0,39.0,376.0,10.0,389.0,103.0,137.0,95.0,3.0,19.0,159.0,95.0,56.0,107.0,12.0,34.0,13.0,148.0,215.0,159.0,168.0,190.0,321.0,220.0,211.0,26.0,93.0,242.0,89.0,100.0,144.0,367.0,88.0,69.0,214.0,102.0,2.0,5.0,178.0,43.0,99.0,5.0,93.0,120.0,188.0,127.0,2.0,99.0,126.0,166.0,190.0,118.0,142.0,196.0,18.0,40.0,4.0,147.0,1.0,150.0,2.0,19.0,167.0,259.0,162.0,110.0,0.0,118.0,268.0,6.0,216.0,11.0,780.0,131.0,1.0,5.0,47.0,14.0,92.0,161.0,161.0,386.0,144.0,139.0,200.0,34.0,184.0,1.0,118.0,5.0,2.0,1.0,97.0,1.0,194.0,234.0,89.0,118.0,17.0,3.0,401.0,134.0,108.0,282.0,85.0,310.0,122.0,169.0,23.0,206.0,9.0,109.0,16.0,124.0,203.0,0.0,7.0,7.0,4.0,68.0,1.0,243.0,111.0,269.0,154.0,2.0,174.0,190.0,101.0,162.0,9.0,108.0,1.0,21.0,7.0,3.0,11.0,345.0,86.0,31.0,3.0,32.0,2.0,1.0
2020-05-18,5.0,0.0,5.0,2.0,1.0,22113.0,2.0,1.0,2.0,0.0,0.0,1.0,6.0,3.0,6.0,2.0,7.0,15.0,5.0,2.0,3.0,3.0,2.0,1.0,0.0,0.0,1.0,1.0,0.0,2.0,1.0,0.0,1.0,0.0,7.0,0.0,2.0,0.0,0.0,322.0,2.0,278.0,21.0,2.0,11.0,31.0,514.0,3.0,428.0,12.0,74.0,1.0,18.0,91.0,25.0,169.0,183.0,402.0,4.0,205.0,120.0,27.0,123.0,21.0,4.0,17.0,180.0,178.0,166.0,18.0,4.0,148.0,12.0,20.0,147.0,218.0,187.0,53.0,88.0,128.0,42.0,38.0,79.0,228.0,283.0,11.0,282.0,13.0,57.0,39.0,380.0,10.0,389.0,103.0,137.0,96.0,3.0,19.0,162.0,95.0,56.0,108.0,12.0,34.0,13.0,148.0,216.0,160.0,169.0,190.0,323.0,220.0,212.0,26.0,93.0,245.0,89.0,102.0,147.0,368.0,88.0,69.0,214.0,102.0,2.0,5.0,179.0,43.0,101.0,5.0,95.0,120.0,188.0,127.0,2.0,100.0,126.0,168.0,191.0,118.0,144.0,198.0,18.0,40.0,4.0,150.0,1.0,150.0,2.0,19.0,169.0,259.0,162.0,110.0,0.0,119.0,269.0,6.0,217.0,11.0,785.0,131.0,1.0,5.0,47.0,14.0,92.0,163.0,163.0,390.0,145.0,140.0,201.0,34.0,185.0,1.0,118.0,5.0,2.0,1.0,97.0,1.0,194.0,241.0,92.0,120.0,17.0,3.0,404.0,137.0,108.0,284.0,86.0,310.0,123.0,170.0,23.0,207.0,9.0,109.0,16.0,124.0,205.0,0.0,7.0,7.0,4.0,68.0,1.0,247.0,111.0,273.0,155.0,2.0,176.0,193.0,102.0,164.0,9.0,109.0,1.0,21.0,7.0,3.0,11.0,346.0,87.0,31.0,3.0,32.0,2.0,1.0
2020-05-19,5.0,0.0,5.0,2.0,1.0,22251.0,2.0,1.0,2.0,0.0,0.0,1.0,6.0,3.0,6.0,2.0,7.0,15.0,6.0,2.0,3.0,3.0,2.0,1.0,0.0,0.0,1.0,1.0,0.0,2.0,1.0,0.0,1.0,0.0,7.0,0.0,2.0,0.0,0.0,329.0,2.0,278.0,21.0,2.0,11.0,32.0,514.0,3.0,428.0,12.0,74.0,1.0,18.0,96.0,25.0,170.0,183.0,404.0,4.0,206.0,120.0,27.0,125.0,21.0,4.0,17.0,183.0,179.0,167.0,18.0,4.0,149.0,12.0,20.0,149.0,218.0,188.0,54.0,90.0,128.0,42.0,38.0,79.0,229.0,284.0,11.0,283.0,13.0,57.0,39.0,382.0,10.0,391.0,103.0,142.0,99.0,3.0,19.0,167.0,95.0,56.0,109.0,12.0,34.0,13.0,149.0,217.0,160.0,169.0,190.0,324.0,220.0,213.0,26.0,93.0,249.0,89.0,104.0,149.0,368.0,88.0,70.0,214.0,103.0,2.0,5.0,179.0,44.0,101.0,5.0,95.0,120.0,188.0,129.0,2.0,100.0,126.0,168.0,193.0,118.0,145.0,201.0,18.0,40.0,4.0,156.0,1.0,150.0,2.0,19.0,170.0,259.0,163.0,110.0,0.0,120.0,269.0,6.0,221.0,12.0,788.0,132.0,1.0,5.0,47.0,15.0,92.0,163.0,163.0,392.0,146.0,141.0,204.0,34.0,187.0,1.0,118.0,5.0,2.0,1.0,97.0,1.0,196.0,244.0,95.0,120.0,17.0,3.0,406.0,138.0,108.0,285.0,86.0,311.0,124.0,172.0,23.0,210.0,9.0,109.0,16.0,124.0,206.0,0.0,7.0,7.0,4.0,69.0,1.0,248.0,111.0,273.0,157.0,2.0,179.0,195.0,102.0,166.0,9.0,111.0,1.0,21.0,7.0,3.0,11.0,346.0,87.0,32.0,3.0,32.0,2.0,1.0
2020-05-20,5.0,0.0,5.0,2.0,1.0,22400.0,2.0,1.0,2.0,0.0,0.0,1.0,6.0,3.0,6.0,2.0,7.0,15.0,6.0,2.0,3.0,3.0,2.0,1.0,0.0,0.0,1.0,1.0,0.0,2.0,1.0,0.0,1.0,0.0,7.0,0.0,2.0,0.0,0.0,332.0,2.0,279.0,21.0,2.0,12.0,33.0,516.0,3.0,428.0,12.0,75.0,1.0,18.0,96.0,25.0,171.0,184.0,404.0,4.0,207.0,120.0,27.0,125.0,21.0,4.0,17.0,183.0,181.0,169.0,18.0,4.0,149.0,12.0,20.0,152.0,219.0,188.0,54.0,90.0,128.0,42.0,38.0,79.0,229.0,289.0,11.0,283.0,13.0,57.0,39.0,385.0,10.0,394.0,103.0,142.0,100.0,3.0,19.0,172.0,97.0,57.0,109.0,12.0,34.0,13.0,155.0,220.0,160.0,169.0,190.0,326.0,221.0,214.0,26.0,94.0,250.0,90.0,104.0,151.0,371.0,88.0,70.0,214.0,103.0,2.0,5.0,179.0,44.0,103.0,5.0,97.0,120.0,190.0,129.0,2.0,100.0,126.0,169.0,194.0,118.0,146.0,204.0,18.0,40.0,4.0,160.0,1.0,150.0,2.0,19.0,172.0,260.0,164.0,112.0,0.0,121.0,269.0,7.0,224.0,12.0,792.0,133.0,1.0,5.0,47.0,16.0,92.0,163.0,164.0,397.0,147.0,141.0,206.0,34.0,189.0,1.0,118.0,5.0,2.0,1.0,98.0,1.0,197.0,248.0,97.0,120.0,17.0,3.0,408.0,142.0,108.0,291.0,86.0,314.0,124.0,173.0,23.0,213.0,9.0,109.0,17.0,124.0,207.0,0.0,7.0,7.0,4.0,69.0,1.0,249.0,112.0,273.0,158.0,2.0,181.0,195.0,103.0,167.0,9.0,113.0,1.0,21.0,7.0,3.0,11.0,347.0,90.0,34.0,3.0,32.0,2.0,1.0
2020-05-21,5.0,0.0,5.0,2.0,1.0,22542.0,2.0,1.0,2.0,0.0,0.0,1.0,6.0,3.0,6.0,2.0,7.0,15.0,6.0,2.0,3.0,3.0,2.0,1.0,0.0,0.0,1.0,1.0,0.0,2.0,1.0,0.0,1.0,0.0,7.0,0.0,2.0,0.0,0.0,332.0,2.0,280.0,21.0,2.0,12.0,33.0,516.0,3.0,430.0,12.0,75.0,1.0,18.0,98.0,25.0,173.0,185.0,405.0,4.0,207.0,120.0,27.0,126.0,21.0,4.0,17.0,183.0,184.0,170.0,18.0,4.0,150.0,12.0,20.0,152.0,221.0,190.0,55.0,91.0,129.0,44.0,38.0,79.0,230.0,291.0,11.0,285.0,13.0,57.0,39.0,388.0,10.0,395.0,103.0,143.0,100.0,3.0,19.0,179.0,98.0,58.0,109.0,13.0,34.0,13.0,156.0,223.0,160.0,169.0,191.0,327.0,221.0,214.0,26.0,96.0,251.0,90.0,104.0,154.0,372.0,89.0,70.0,214.0,103.0,2.0,5.0,181.0,44.0,106.0,5.0,99.0,121.0,191.0,129.0,2.0,103.0,126.0,169.0,195.0,118.0,151.0,205.0,18.0,41.0,4.0,167.0,1.0,150.0,2.0,19.0,172.0,260.0,164.0,115.0,0.0,121.0,271.0,7.0,227.0,12.0,799.0,133.0,1.0,5.0,47.0,17.0,92.0,163.0,165.0,397.0,148.0,142.0,207.0,34.0,190.0,1.0,118.0,5.0,2.0,1.0,98.0,1.0,198.0,251.0,98.0,120.0,17.0,3.0,410.0,145.0,108.0,294.0,86.0,316.0,125.0,174.0,23.0,214.0,9.0,109.0,17.0,124.0,207.0,0.0,7.0,7.0,4.0,70.0,1.0,252.0,113.0,275.0,162.0,2.0,181.0,198.0,103.0,167.0,9.0,115.0,1.0,21.0,7.0,3.0,11.0,347.0,91.0,34.0,3.0,33.0,2.0,1.0
2020-05-22,5.0,0.0,5.0,2.0,1.0,22660.0,2.0,1.0,2.0,0.0,0.0,1.0,6.0,3.0,6.0,2.0,7.0,15.0,6.0,2.0,3.0,3.0,2.0,1.0,0.0,0.0,1.0,1.0,0.0,2.0,1.0,0.0,1.0,0.0,7.0,0.0,2.0,0.0,0.0,336.0,2.0,282.0,21.0,2.0,12.0,33.0,518.0,3.0,430.0,12.0,75.0,1.0,18.0,101.0,26.0,174.0,185.0,405.0,4.0,207.0,120.0,27.0,126.0,21.0,4.0,17.0,183.0,185.0,170.0,18.0,4.0,152.0,12.0,20.0,153.0,221.0,190.0,57.0,91.0,130.0,45.0,38.0,79.0,233.0,291.0,11.0,286.0,13.0,57.0,39.0,389.0,10.0,396.0,103.0,144.0,100.0,3.0,19.0,181.0,98.0,58.0,109.0,13.0,34.0,13.0,157.0,227.0,161.0,169.0,191.0,327.0,221.0,214.0,26.0,96.0,258.0,91.0,104.0,155.0,376.0,90.0,70.0,215.0,103.0,2.0,5.0,181.0,45.0,106.0,5.0,99.0,121.0,193.0,130.0,2.0,103.0,127.0,169.0,195.0,118.0,157.0,206.0,18.0,42.0,4.0,168.0,1.0,150.0,2.0,19.0,175.0,262.0,165.0,115.0,0.0,121.0,271.0,7.0,228.0,12.0,801.0,133.0,1.0,5.0,47.0,17.0,93.0,163.0,166.0,398.0,148.0,142.0,209.0,34.0,192.0,1.0,118.0,5.0,2.0,1.0,98.0,1.0,199.0,258.0,98.0,120.0,17.0,3.0,413.0,148.0,109.0,298.0,86.0,317.0,126.0,175.0,23.0,214.0,9.0,110.0,17.0,124.0,207.0,0.0,7.0,7.0,4.0,70.0,1.0,254.0,113.0,275.0,163.0,2.0,185.0,199.0,104.0,169.0,9.0,116.0,1.0,21.0,7.0,3.0,11.0,347.0,91.0,34.0,3.0,35.0,2.0,1.0
2020-05-23,5.0,0.0,5.0,2.0,1.0,22777.0,2.0,1.0,2.0,0.0,0.0,1.0,6.0,3.0,6.0,2.0,7.0,15.0,7.0,2.0,3.0,3.0,2.0,1.0,0.0,0.0,1.0,1.0,0.0,2.0,1.0,0.0,1.0,0.0,7.0,0.0,2.0,0.0,0.0,340.0,2.0,282.0,21.0,2.0,12.0,34.0,519.0,3.0,430.0,12.0,75.0,1.0,19.0,103.0,26.0,175.0,187.0,405.0,4.0,207.0,120.0,27.0,126.0,21.0,4.0,17.0,183.0,185.0,173.0,18.0,4.0,154.0,12.0,20.0,153.0,222.0,190.0,57.0,91.0,131.0,45.0,38.0,79.0,234.0,293.0,11.0,288.0,13.0,57.0,39.0,390.0,10.0,396.0,104.0,146.0,101.0,3.0,19.0,181.0,99.0,59.0,110.0,13.0,34.0,13.0,158.0,228.0,162.0,170.0,192.0,328.0,221.0,214.0,26.0,97.0,260.0,92.0,104.0,158.0,376.0,91.0,70.0,215.0,103.0,2.0,5.0,182.0,45.0,107.0,5.0,99.0,122.0,194.0,130.0,2.0,103.0,127.0,169.0,195.0,118.0,158.0,209.0,18.0,42.0,4.0,171.0,1.0,150.0,2.0,19.0,176.0,262.0,165.0,115.0,0.0,121.0,272.0,8.0,230.0,12.0,804.0,133.0,1.0,5.0,47.0,17.0,93.0,164.0,167.0,402.0,148.0,147.0,211.0,34.0,192.0,1.0,118.0,5.0,2.0,1.0,100.0,1.0,199.0,261.0,101.0,121.0,17.0,3.0,416.0,148.0,111.0,302.0,86.0,317.0,126.0,177.0,23.0,215.0,9.0,111.0,17.0,124.0,208.0,0.0,7.0,7.0,4.0,70.0,1.0,256.0,113.0,275.0,166.0,2.0,186.0,200.0,104.0,170.0,9.0,118.0,1.0,21.0,7.0,3.0,11.0,350.0,92.0,35.0,3.0,35.0,2.0,1.0
2020-05-24,5.0,0.0,5.0,2.0,1.0,22885.0,2.0,1.0,2.0,0.0,0.0,1.0,6.0,3.0,6.0,2.0,7.0,15.0,7.0,2.0,3.0,3.0,2.0,1.0,0.0,0.0,1.0,1.0,0.0,2.0,1.0,0.0,1.0,0.0,7.0,0.0,2.0,0.0,0.0,341.0,3.0,284.0,22.0,2.0,12.0,34.0,519.0,3.0,430.0,12.0,75.0,1.0,19.0,104.0,26.0,175.0,190.0,405.0,4.0,207.0,120.0,28.0,128.0,22.0,4.0,17.0,183.0,186.0,175.0,18.0,4.0,154.0,12.0,20.0,153.0,225.0,191.0,59.0,91.0,131.0,45.0,38.0,79.0,235.0,295.0,11.0,291.0,13.0,57.0,39.0,390.0,10.0,396.0,105.0,148.0,103.0,3.0,19.0,183.0,100.0,60.0,110.0,13.0,34.0,13.0,158.0,230.0,162.0,171.0,192.0,329.0,222.0,214.0,26.0,97.0,263.0,93.0,106.0,158.0,377.0,91.0,70.0,216.0,103.0,2.0,5.0,182.0,45.0,107.0,6.0,100.0,122.0,197.0,133.0,2.0,104.0,129.0,169.0,195.0,118.0,159.0,209.0,18.0,42.0,5.0,174.0,1.0,150.0,2.0,19.0,177.0,263.0,165.0,115.0,0.0,121.0,272.0,9.0,230.0,12.0,805.0,133.0,1.0,5.0,47.0,17.0,93.0,164.0,167.0,404.0,148.0,149.0,211.0,34.0,192.0,1.0,118.0,5.0,2.0,1.0,100.0,1.0,199.0,264.0,104.0,123.0,17.0,3.0,420.0,149.0,112.0,303.0,87.0,318.0,126.0,177.0,23.0,215.0,9.0,111.0,18.0,125.0,209.0,0.0,7.0,7.0,4.0,70.0,1.0,259.0,114.0,275.0,167.0,2.0,191.0,201.0,104.0,171.0,9.0,119.0,1.0,21.0,7.0,3.0,11.0,350.0,93.0,35.0,3.0,35.0,2.0,1.0
2020-05-25,5.0,0.0,5.0,2.0,1.0,23013.0,2.0,1.0,2.0,0.0,0.0,1.0,6.0,3.0,6.0,2.0,7.0,15.0,7.0,2.0,3.0,3.0,2.0,1.0,0.0,0.0,1.0,1.0,0.0,2.0,1.0,0.0,1.0,0.0,7.0,0.0,2.0,0.0,0.0,345.0,3.0,285.0,23.0,2.0,12.0,35.0,519.0,3.0,431.0,12.0,75.0,1.0,19.0,105.0,26.0,177.0,190.0,405.0,4.0,207.0,120.0,28.0,129.0,22.0,4.0,18.0,183.0,188.0,177.0,18.0,4.0,155.0,12.0,20.0,158.0,228.0,191.0,60.0,92.0,131.0,45.0,38.0,79.0,236.0,298.0,11.0,292.0,13.0,58.0,40.0,392.0,10.0,398.0,106.0,151.0,104.0,3.0,19.0,187.0,102.0,61.0,110.0,13.0,34.0,13.0,158.0,232.0,162.0,172.0,192.0,330.0,223.0,214.0,26.0,97.0,265.0,98.0,106.0,159.0,377.0,91.0,71.0,216.0,103.0,2.0,5.0,184.0,45.0,108.0,6.0,101.0,123.0,197.0,135.0,2.0,106.0,129.0,169.0,195.0,118.0,160.0,213.0,18.0,42.0,5.0,174.0,1.0,150.0,2.0,19.0,178.0,263.0,166.0,115.0,0.0,121.0,273.0,9.0,231.0,12.0,806.0,133.0,1.0,5.0,47.0,18.0,93.0,164.0,167.0,404.0,148.0,149.0,212.0,34.0,192.0,1.0,119.0,5.0,2.0,1.0,100.0,1.0,201.0,271.0,104.0,125.0,17.0,3.0,423.0,149.0,112.0,305.0,87.0,320.0,126.0,179.0,23.0,215.0,9.0,112.0,18.0,127.0,211.0,0.0,7.0,7.0,4.0,70.0,1.0,260.0,114.0,278.0,168.0,2.0,194.0,202.0,104.0,173.0,9.0,121.0,1.0,22.0,7.0,3.0,12.0,350.0,94.0,35.0,3.0,35.0,2.0,1.0
2020-05-26,5.0,0.0,5.0,2.0,1.0,23141.0,2.0,1.0,2.0,0.0,0.0,1.0,6.0,3.0,6.0,2.0,8.0,15.0,7.0,2.0,3.0,3.0,2.0,1.0,0.0,0.0,1.0,1.0,0.0,2.0,1.0,0.0,1.0,0.0,7.0,0.0,2.0,0.0,0.0,349.0,3.0,285.0,23.0,2.0,12.0,35.0,521.0,3.0,433.0,12.0,75.0,1.0,19.0,108.0,27.0,178.0,190.0,405.0,4.0,207.0,120.0,29.0,129.0,23.0,4.0,18.0,184.0,189.0,179.0,18.0,4.0,156.0,12.0,21.0,159.0,228.0,193.0,60.0,92.0,131.0,48.0,38.0,80.0,238.0,300.0,11.0,293.0,13.0,58.0,41.0,392.0,10.0,398.0,106.0,151.0,105.0,3.0,19.0,189.0,103.0,62.0,110.0,13.0,34.0,13.0,158.0,233.0,163.0,173.0,192.0,330.0,224.0,214.0,26.0,97.0,267.0,99.0,106.0,160.0,378.0,91.0,71.0,216.0,103.0,2.0,5.0,186.0,45.0,108.0,6.0,103.0,123.0,199.0,137.0,2.0,106.0,129.0,169.0,198.0,118.0,162.0,217.0,18.0,42.0,5.0,175.0,1.0,150.0,2.0,19.0,179.0,264.0,166.0,115.0,0.0,121.0,275.0,10.0,232.0,12.0,810.0,134.0,1.0,5.0,47.0,18.0,95.0,165.0,169.0,404.0,148.0,149.0,212.0,34.0,193.0,1.0,119.0,5.0,2.0,1.0,100.0,1.0,203.0,276.0,105.0,125.0,17.0,3.0,431.0,151.0,113.0,308.0,88.0,320.0,126.0,180.0,23.0,217.0,9.0,112.0,18.0,127.0,212.0,0.0,7.0,7.0,4.0,70.0,2.0,262.0,118.0,280.0,169.0,2.0,195.0,203.0,104.0,173.0,9.0,123.0,1.0,22.0,7.0,3.0,12.0,351.0,96.0,35.0,3.0,35.0,2.0,1.0
2020-05-27,5.0,0.0,5.0,2.0,1.0,23251.0,2.0,1.0,2.0,0.0,0.0,1.0,6.0,3.0,6.0,2.0,8.0,15.0,7.0,3.0,3.0,3.0,2.0,1.0,0.0,0.0,1.0,1.0,0.0,2.0,1.0,0.0,1.0,0.0,7.0,0.0,2.0,0.0,0.0,354.0,3.0,285.0,24.0,2.0,13.0,35.0,522.0,3.0,434.0,12.0,75.0,1.0,19.0,109.0,27.0,180.0,190.0,405.0,4.0,207.0,120.0,29.0,129.0,25.0,4.0,18.0,184.0,190.0,181.0,18.0,4.0,160.0,12.0,21.0,160.0,229.0,195.0,60.0,92.0,131.0,48.0,38.0,80.0,238.0,302.0,11.0,293.0,13.0,58.0,41.0,392.0,10.0,400.0,107.0,151.0,106.0,3.0,20.0,192.0,103.0,62.0,110.0,13.0,34.0,13.0,160.0,234.0,166.0,174.0,193.0,330.0,224.0,214.0,26.0,97.0,268.0,100.0,107.0,160.0,379.0,92.0,71.0,216.0,103.0,2.0,5.0,187.0,45.0,110.0,6.0,104.0,123.0,199.0,138.0,2.0,106.0,130.0,169.0,199.0,118.0,164.0,220.0,18.0,42.0,5.0,175.0,1.0,150.0,2.0,19.0,179.0,264.0,166.0,115.0,0.0,121.0,275.0,10.0,232.0,13.0,812.0,134.0,1.0,6.0,47.0,18.0,95.0,167.0,169.0,404.0,148.0,150.0,212.0,34.0,195.0,1.0,119.0,5.0,2.0,1.0,100.0,1.0,203.0,278.0,105.0,125.0,17.0,3.0,434.0,154.0,114.0,312.0,89.0,320.0,127.0,180.0,23.0,220.0,9.0,113.0,18.0,127.0,212.0,0.0,7.0,7.0,4.0,71.0,3.0,265.0,119.0,282.0,172.0,2.0,196.0,205.0,105.0,176.0,9.0,124.0,1.0,23.0,7.0,3.0,12.0,352.0,96.0,35.0,3.0,35.0,2.0,1.0
2020-05-28,5.0,0.0,5.0,2.0,1.0,23361.0,2.0,1.0,2.0,0.0,0.0,1.0,6.0,3.0,6.0,2.0,8.0,15.0,8.0,3.0,3.0,3.0,2.0,1.0,0.0,0.0,1.0,1.0,0.0,2.0,1.0,0.0,1.0,0.0,7.0,0.0,2.0,0.0,0.0,356.0,3.0,285.0,24.0,2.0,13.0,35.0,522.0,3.0,434.0,12.0,77.0,1.0,22.0,110.0,27.0,182.0,193.0,405.0,4.0,207.0,120.0,29.0,129.0,25.0,4.0,18.0,185.0,193.0,182.0,18.0,4.0,162.0,12.0,21.0,162.0,231.0,195.0,60.0,93.0,131.0,48.0,38.0,80.0,238.0,303.0,11.0,294.0,13.0,59.0,42.0,393.0,10.0,400.0,109.0,154.0,107.0,3.0,21.0,194.0,103.0,64.0,110.0,13.0,34.0,13.0,161.0,236.0,166.0,174.0,194.0,331.0,224.0,215.0,26.0,98.0,269.0,100.0,107.0,160.0,381.0,93.0,71.0,216.0,103.0,2.0,5.0,189.0,45.0,112.0,6.0,105.0,123.0,200.0,139.0,2.0,108.0,130.0,169.0,201.0,118.0,169.0,222.0,18.0,42.0,6.0,175.0,1.0,150.0,2.0,19.0,179.0,264.0,166.0,115.0,0.0,121.0,275.0,10.0,234.0,13.0,814.0,134.0,1.0,6.0,47.0,18.0,95.0,167.0,171.0,406.0,148.0,151.0,212.0,34.0,196.0,1.0,119.0,5.0,2.0,1.0,100.0,1.0,203.0,279.0,107.0,125.0,17.0,3.0,438.0,155.0,115.0,312.0,90.0,320.0,129.0,182.0,23.0,221.0,9.0,114.0,18.0,129.0,212.0,0.0,7.0,7.0,4.0,71.0,3.0,265.0,120.0,282.0,175.0,2.0,199.0,205.0,106.0,176.0,9.0,124.0,1.0,23.0,7.0,3.0,12.0,353.0,96.0,35.0,3.0,36.0,2.0,1.0
2020-05-29,5.0,0.0,5.0,2.0,1.0,23450.0,2.0,1.0,2.0,0.0,0.0,1.0,6.0,3.0,6.0,2.0,8.0,15.0,8.0,3.0,3.0,3.0,2.0,1.0,0.0,0.0,1.0,1.0,0.0,2.0,1.0,0.0,1.0,0.0,7.0,0.0,2.0,0.0,0.0,357.0,3.0,285.0,24.0,2.0,13.0,35.0,522.0,3.0,437.0,12.0,77.0,1.0,22.0,110.0,27.0,183.0,193.0,406.0,4.0,207.0,120.0,29.0,129.0,26.0,4.0,18.0,185.0,194.0,182.0,18.0,4.0,163.0,12.0,21.0,163.0,232.0,197.0,60.0,94.0,131.0,48.0,39.0,80.0,240.0,304.0,11.0,295.0,13.0,59.0,42.0,393.0,10.0,400.0,111.0,154.0,107.0,3.0,21.0,197.0,103.0,64.0,110.0,13.0,34.0,13.0,161.0,237.0,166.0,174.0,195.0,332.0,224.0,215.0,26.0,98.0,273.0,100.0,107.0,161.0,381.0,94.0,71.0,216.0,103.0,2.0,5.0,189.0,45.0,112.0,6.0,105.0,123.0,202.0,140.0,2.0,109.0,131.0,169.0,201.0,118.0,170.0,223.0,18.0,43.0,6.0,176.0,1.0,150.0,2.0,19.0,179.0,264.0,166.0,115.0,0.0,121.0,277.0,10.0,234.0,13.0,818.0,134.0,1.0,6.0,47.0,18.0,96.0,167.0,171.0,408.0,148.0,151.0,213.0,34.0,200.0,1.0,120.0,5.0,2.0,1.0,100.0,1.0,203.0,284.0,109.0,125.0,17.0,3.0,444.0,156.0,115.0,314.0,90.0,321.0,131.0,182.0,23.0,222.0,9.0,115.0,18.0,129.0,212.0,0.0,7.0,7.0,4.0,71.0,3.0,267.0,120.0,282.0,177.0,2.0,199.0,209.0,106.0,176.0,9.0,126.0,1.0,23.0,7.0,3.0,12.0,353.0,97.0,35.0,3.0,36.0,2.0,1.0
2020-05-30,5.0,0.0,5.0,2.0,1.0,23525.0,2.0,1.0,2.0,0.0,0.0,1.0,6.0,3.0,6.0,2.0,8.0,15.0,8.0,3.0,3.0,3.0,2.0,1.0,0.0,0.0,1.0,1.0,0.0,2.0,1.0,0.0,1.0,0.0,7.0,0.0,2.0,0.0,0.0,360.0,3.0,285.0,25.0,2.0,13.0,35.0,524.0,3.0,438.0,13.0,77.0,1.0,22.0,111.0,27.0,184.0,193.0,406.0,4.0,207.0,120.0,29.0,129.0,26.0,4.0,18.0,185.0,195.0,182.0,18.0,4.0,165.0,12.0,21.0,163.0,232.0,197.0,60.0,94.0,131.0,48.0,39.0,80.0,242.0,305.0,11.0,297.0,13.0,59.0,43.0,393.0,10.0,400.0,111.0,156.0,108.0,3.0,21.0,201.0,103.0,64.0,110.0,13.0,34.0,13.0,161.0,240.0,166.0,174.0,195.0,333.0,225.0,215.0,26.0,99.0,273.0,101.0,107.0,164.0,382.0,94.0,71.0,216.0,103.0,2.0,5.0,189.0,45.0,112.0,6.0,105.0,123.0,202.0,140.0,2.0,110.0,131.0,169.0,201.0,118.0,170.0,226.0,18.0,43.0,6.0,177.0,1.0,150.0,2.0,19.0,179.0,264.0,166.0,115.0,0.0,121.0,278.0,10.0,234.0,13.0,820.0,134.0,1.0,6.0,48.0,19.0,96.0,167.0,172.0,409.0,148.0,151.0,213.0,34.0,201.0,1.0,120.0,5.0,2.0,1.0,100.0,1.0,205.0,287.0,110.0,125.0,17.0,3.0,446.0,158.0,116.0,314.0,90.0,321.0,131.0,182.0,23.0,225.0,9.0,115.0,18.0,130.0,214.0,0.0,7.0,7.0,4.0,71.0,3.0,270.0,120.0,282.0,177.0,2.0,201.0,210.0,106.0,176.0,9.0,126.0,1.0,23.0,7.0,3.0,12.0,354.0,98.0,35.0,3.0,36.0,2.0,1.0
2020-05-31,5.0,0.0,5.0,2.0,1.0,23572.0,2.0,1.0,2.0,0.0,0.0,1.0,6.0,3.0,6.0,2.0,8.0,15.0,8.0,3.0,3.0,3.0,2.0,1.0,0.0,0.0,1.0,1.0,0.0,2.0,1.0,0.0,1.0,0.0,7.0,0.0,2.0,0.0,0.0,360.0,3.0,286.0,25.0,2.0,13.0,35.0,524.0,3.0,439.0,13.0,77.0,1.0,22.0,111.0,27.0,185.0,193.0,406.0,4.0,207.0,120.0,29.0,130.0,26.0,4.0,18.0,185.0,195.0,182.0,18.0,4.0,168.0,12.0,21.0,163.0,232.0,197.0,60.0,94.0,131.0,48.0,40.0,80.0,242.0,305.0,11.0,298.0,13.0,59.0,43.0,393.0,10.0,400.0,112.0,157.0,108.0,3.0,21.0,202.0,103.0,64.0,110.0,13.0,34.0,13.0,162.0,241.0,166.0,174.0,195.0,333.0,225.0,215.0,26.0,100.0,273.0,101.0,107.0,164.0,382.0,94.0,71.0,216.0,103.0,2.0,5.0,189.0,45.0,112.0,6.0,105.0,123.0,202.0,140.0,2.0,110.0,131.0,169.0,201.0,118.0,170.0,226.0,18.0,43.0,7.0,178.0,1.0,150.0,2.0,19.0,179.0,264.0,166.0,115.0,0.0,122.0,278.0,10.0,234.0,14.0,820.0,134.0,1.0,6.0,48.0,19.0,96.0,167.0,172.0,410.0,148.0,151.0,215.0,34.0,203.0,1.0,120.0,5.0,2.0,1.0,100.0,1.0,206.0,289.0,111.0,125.0,17.0,3.0,447.0,158.0,116.0,314.0,90.0,321.0,132.0,183.0,23.0,226.0,9.0,117.0,18.0,131.0,216.0,0.0,7.0,7.0,4.0,71.0,3.0,273.0,120.0,283.0,178.0,2.0,202.0,211.0,106.0,176.0,9.0,127.0,1.0,24.0,7.0,3.0,12.0,355.0,98.0,35.0,3.0,36.0,2.0,1.0
2020-06-01,5.0,0.0,5.0,2.0,1.0,23591.0,2.0,1.0,2.0,0.0,0.0,1.0,6.0,3.0,6.0,2.0,8.0,15.0,8.0,3.0,3.0,3.0,2.0,1.0,0.0,0.0,1.0,1.0,0.0,2.0,1.0,0.0,1.0,0.0,7.0,0.0,2.0,0.0,0.0,360.0,3.0,286.0,25.0,2.0,13.0,35.0,524.0,3.0,439.0,13.0,77.0,1.0,22.0,112.0,27.0,185.0,193.0,406.0,4.0,207.0,120.0,29.0,130.0,26.0,4.0,18.0,185.0,195.0,182.0,18.0,4.0,168.0,12.0,21.0,163.0,232.0,197.0,60.0,94.0,131.0,48.0,40.0,80.0,242.0,305.0,11.0,299.0,13.0,59.0,43.0,393.0,10.0,400.0,114.0,160.0,108.0,3.0,21.0,206.0,103.0,64.0,110.0,13.0,34.0,13.0,163.0,241.0,166.0,174.0,195.0,333.0,225.0,215.0,26.0,100.0,273.0,101.0,107.0,164.0,382.0,94.0,71.0,216.0,103.0,2.0,5.0,190.0,45.0,112.0,6.0,105.0,123.0,202.0,140.0,2.0,110.0,131.0,169.0,201.0,118.0,170.0,226.0,18.0,43.0,7.0,178.0,1.0,150.0,2.0,19.0,180.0,265.0,166.0,115.0,0.0,122.0,278.0,10.0,234.0,14.0,820.0,134.0,1.0,6.0,48.0,19.0,96.0,167.0,172.0,410.0,148.0,151.0,216.0,34.0,203.0,1.0,120.0,5.0,2.0,1.0,100.0,1.0,206.0,291.0,111.0,125.0,17.0,3.0,448.0,158.0,116.0,314.0,90.0,321.0,132.0,183.0,23.0,226.0,9.0,117.0,18.0,131.0,216.0,0.0,7.0,7.0,4.0,71.0,3.0,273.0,120.0,283.0,178.0,2.0,202.0,211.0,106.0,176.0,9.0,127.0,1.0,24.0,7.0,3.0,12.0,355.0,98.0,35.0,3.0,36.0,2.0,1.0
